337233	323139
345630	241004
345670	28512
345689	316221
345889	257526
346906	40480
349726	66120
350549	60721
350661	34949
350703	265441
364850	29828
364850	29830
364929	52136
382089	378270
382315	382317
382319	403068
382477	379143
382479	374894
382483	379141
382488	413731
382489	67363
382490	446686
382490	621732
382491	661886
382501	374827
382501	448645
382501	2057650
382502	341634
385304	270829
385311	56877
385316	73062
385316	435249
385333	59793
385338	25661
385415	40442
385416	265603
385472	17820
385477	44609
385488	41462
385509	298642
385512	282740
385514	69368
385516	41552
385534	22143
385536	70009
385578	59023
385580	32236
385582	66587
385584	58785
385590	60777
385592	32809
385602	28637
385604	56885
385606	39926
385608	38900
385614	292024
385677	3630174
385682	53516
385686	292688
385689	58927
385698	274335
385956	35044
385958	31081
385960	35760
385962	60256
385979	45598
385981	64036
385983	242964
385985	278391
385989	310048
385991	55579
385993	46209
385995	61874
385997	30742
386016	19520
386020	48354
386023	38454
386299	69410
386569	277948
386571	41802
386579	42878
386587	67682
386706	23234
386742	267214
386745	25328
386746	743104
386754	25546
386770	254257
386861	57520
386865	38630
386867	257523
387109	60145
387111	311757
387113	320088
387115	70706
387117	19204
387513	36606
387515	2073
387604	48050
387606	302242
387608	73892
387610	309048
387614	48109
387616	19569
387699	37152
387701	286282
387760	16046
387762	27295
387775	61150
387778	30848
387832	51456
387837	262038
387841	20884
387963	60929
388133	55984
388331	289109
388336	70847
388339	65913
388353	244432
388356	38059
388358	435248
388365	55227
388370	253373
388381	39354
388386	309347
389456	67808
389458	41130
389460	34615
389462	48808
389464	24144
389466	40517
389468	52607
389470	50965
389472	52451
389474	38559
389476	40294
389478	36838
389505	280749
389515	1785
389517	22666
389520	28463
389522	26904
389530	271388
389556	37421
389882	36329
389884	60544
389886	46424
389895	23542
389912	45737
389933	284869
389947	287478
389949	34926
389951	35355
389953	27030
389955	52389
389957	244287
389978	259568
389981	27096
390353	290972
390373	53294
390389	326611
390394	318440
390410	387389
390932	265734
390954	319127
390977	43662
390990	47521
391016	259181
391037	317084
391462	63039
391469	18262
391586	253945
391589	299034
391591	269319
391593	325086
391595	66619
391608	313310
392323	67965
392325	61917
392327	23779
392329	282715
392332	28533
392922	242153
392927	32188
392940	248365
392944	241918
392950	246453
392965	327930
392982	1339278
392988	310921
393204	285390
393206	260642
393208	314344
393212	247944
393215	60027
393218	319549
393366	36300
393368	244648
393378	255128
393381	63631
393385	297089
393387	70899
393389	297091
393392	301524
393394	283285
393396	60733
393400	43651
393664	301607
393685	49656
393707	27214
394094	31637
394096	61362
394247	72312
394251	71144
394255	394248
394913	25380
394929	30194
395071	280565
395074	265294
395170	18245
395172	314970
395185	247142
395191	318966
395195	274822
395197	256944
395205	249420
395207	285994
395213	281021
395650	31789
395652	53994
395668	45320
395672	287450
395682	323910
395684	51432
395801	315839
395901	395829
395907	263359
395922	395913
395931	35659
396382	317756
396393	48465
396397	396391
396402	31392
397002	52704
397004	264178
397008	304766
397021	25715
397023	55619
397025	52147
397063	34865
397070	37928
397082	72645
397086	48811
397093	271739
397098	295201
397158	285571
397161	289603
397167	65361
397169	2214
397179	27195
397179	321737
400070	20687
400072	27701
400084	37291
400168	274534
400172	252552
400175	244106
400177	18584
400275	248384
400368	51799
400377	37983
400382	49630
400406	281614
400419	68633
400422	36577
400437	1874
400441	71910
400451	35763
400469	294300
400472	28375
400474	400383
400476	400375
400478	51826
400612	245304
400614	265351
400616	275905
400618	33650
400620	258248
400621	59042
400645	47793
400650	400426
400652	68987
400813	40133
401619	35257
401658	35310
401669	41605
401675	241265
401687	401677
401693	18067
401702	401695
401721	28026
401733	286693
401744	401730
401842	304614
401862	30793
401866	73835
402130	71918
402144	53974
402164	263606
402197	24604
402221	399688
402229	261845
402232	19458
402240	27587
402253	26306
402272	39001
402279	29371
402291	22126
402300	48347
402311	57202
402330	263990
402337	36790
402467	270473
402489	402474
402496	266506
402500	1832
402504	42845
402509	58843
402511	54334
402829	402805
402832	402802
402835	402801
402838	270570
402841	398984
402878	329713
402885	402843
402887	74007
402892	516998
402895	54918
402903	56366
402906	56734
402938	69899
402940	27239
402942	61396
402944	254432
402957	73434
402959	37449
402962	36228
402965	57974
402968	35041
402970	58008
402972	36758
402975	38766
402980	59803
402985	43847
402988	402982
402990	24314
402996	402992
403328	317271
403330	247458
403332	67141
403335	290504
403339	29758
403342	245655
403347	61929
403349	293690
403353	70104
403355	70413
403358	35407
403361	36663
403423	403362
403428	62098
403436	322961
403443	325070
403448	311655
403456	69531
403461	50471
403463	32569
403470	66767
403477	309722
403487	258345
403496	72583
403502	300559
403506	18009
403576	316872
403579	296499
403581	277500
403583	314632
403587	260149
403589	283293
403600	61241
403602	68492
403618	272450
403620	403614
403626	1769
403644	1824
403759	454405
403761	283873
403763	288437
403765	50158
403767	30524
403771	37762
403771	37765
403773	48481
403776	68682
403778	39034
403869	387469
403871	61008
403873	16774
405382	60535
405383	270280
405386	71539
406259	320789
406261	17849
406263	278782
406422	301579
406433	328143
406438	30920
406469	25998
406512	67930
406543	294120
406579	16033
406595	321833
406610	65671
406620	257496
406674	245053
407206	396054
407208	29563
408363	239506
408438	253041
408441	295521
408444	257138
408446	266010
408449	1933
410561	44134
410563	45924
410565	267658
410567	73467
410569	294716
410571	34399
410573	21756
410629	262275
410647	47258
410654	280635
410656	33536
410658	32668
410668	410664
410683	250218
410688	286573
410690	23171
410711	54273
410717	256824
410720	33243
410727	276873
410730	297175
410734	288677
410738	57747
410812	23899
410815	325474
413238	275675
413240	311033
413242	58099
413242	446713
413245	69047
413247	52170
413249	61378
413260	34223
414814	64293
414820	285179
414853	65396
414871	239496
415704	51504
415728	68646
415730	52276
415734	44213
415790	32182
415799	55678
415808	38204
415812	388865
415817	30604
415925	372021
415927	39229
415931	61610
415937	297697
415943	248526
415952	38956
415954	264795
415962	248148
417002	51900
417016	54087
417018	66872
417023	18159
417028	51770
417261	43265
417747	34316
417750	20447
417754	55245
417761	55481
417763	50863
417765	29964
417768	47088
417775	258590
417776	17103
417777	251635
417778	288482
417779	403999
417779	931537
417780	279379
417781	43132
417783	56695
417785	305172
417787	72039
417789	292289
417791	32942
417793	272519
417795	31734
417797	322128
417798	18053
418531	24210
418541	49013
418549	73049
418551	55221
418553	66043
418555	63985
418560	418502
418562	39003
418566	16463
418568	49217
419245	37732
419248	19827
419253	291714
419255	69356
419261	58145
419263	312426
419265	48938
419270	31292
419272	63398
419278	28857
419289	242469
419291	267327
419695	24657
421749	36617
421760	33039
421772	67437
421779	61573
421808	421768
421820	31390
421824	54055
421827	48316
421831	66953
421838	31620
421844	19760
421886	421836
421890	56878
421892	238930
421967	41157
421969	41981
421973	285944
421976	49955
421976	435247
421979	68142
421981	244210
421983	37542
421986	42584
421990	414632
421994	242794
421997	416549
421999	29597
422001	65957
422003	22940
422005	73969
422007	60090
422010	59709
422013	55065
422015	45911
422019	64691
422022	16709
422026	72885
422028	38682
422029	2459
422030	28031
422034	31759
422036	55100
422038	17974
422040	60364
422044	73089
422046	31010
422050	63607
422052	49515
422054	71283
422056	396201
422058	24068
422964	36405
422966	31634
422967	57753
422969	18594
422971	33569
422973	48184
422975	25149
422977	42587
422979	248599
422981	30715
422983	38102
422985	21778
422987	71444
422989	298288
422991	239882
422994	1310
423178	53413
423187	263150
423627	277315
423629	68905
423631	24218
423634	41163
423648	56351
423881	284044
423885	308758
423887	240078
423889	31527
423891	56287
423896	37822
423898	60352
423900	242585
423902	279471
423904	242197
423907	282525
423911	72809
424886	60679
424890	65536
424903	52648
424905	279076
424965	244861
424968	44821
424971	51803
424974	253498
425001	245096
425004	60063
425008	257758
425349	61889
425357	290549
425415	16926
425418	304719
425421	38711
425423	304927
425427	26787
425932	245525
425934	39175
425935	310506
425938	46343
425940	240667
425944	71529
425946	301044
425948	57281
425951	29137
425953	301397
425955	69214
425957	43627
426229	321182
426238	38837
426240	35372
426242	17824
426244	56291
426247	33635
426249	53977
426737	43918
426739	282935
426741	254674
426743	26611
426745	37120
426746	66147
426750	1683
426905	33996
426907	272711
426958	254917
426960	271884
426962	60475
426982	261614
426991	280865
426996	49753
426998	279193
427000	20813
428638	18735
428990	58944
428995	52445
428998	21929
429003	73965
429014	295816
430241	57364
430243	320516
430428	310713
430433	312045
430469	283105
430487	35846
431503	65247
431508	69744
431517	34053
431570	44631
431587	30489
431882	372017
431904	357919
431926	1725
432353	54353
432361	271550
432362	385086
432363	52134
432365	254246
432366	432291
433476	418879
433476	569759
433494	39564
433506	66454
433551	32072
433553	433531
433682	24277
433688	71583
433698	16699
433710	27225
433887	29220
433896	265747
433902	44453
433904	258363
433908	52419
433921	55498
433926	15854
433931	20950
433934	328604
435234	64101
435241	32091
435244	347371
435246	435417
435260	31890
435712	296685
436026	24714
437742	243824
437744	284671
437746	258667
437749	319976
437750	42849
437752	25510
437752	443159
444974	282052
444981	303019
445002	305282
445004	242152
446300	286686
450941	242881
450951	242893
450960	276105
450979	55752
452360	30530
452385	72461
452413	283579
452453	17135
452504	249421
452563	35386
452567	38723
454795	71747
454804	25717
454805	21274
454806	21280
457562	238571
457585	60225
457590	404074
457603	457597
457609	15975
457612	30442
457620	457615
457692	281941
458159	62815
458161	318532
458164	32112
458166	243020
458704	32018
458768	257885
458768	262183
458783	317746
458789	320837
458799	259810
458804	57696
458812	2216
458814	16966
458814	16967
458826	71499
458834	2054
458842	23763
458848	38681
458851	45462
458853	26862
458873	66597
458880	458878
459054	415516
459347	312636
459349	253918
459352	59444
459356	72186
459357	73558
459379	435084
459755	71783
459760	241566
459768	27819
459772	321497
459778	249769
459781	263438
459813	41599
459815	70694
459923	367935
459993	283403
460476	34994
460480	38827
460482	437075
460626	460624
460631	460628
460646	293048
460656	25076
460661	292949
460826	30240
460829	425591
461507	2826505
461509	54006
461514	67727
461547	23697
461583	23600
461604	433502
461628	241211
461637	461200
466142	251750
466210	53821
466225	251725
466237	320004
466295	29420
466297	35448
466299	38067
466304	26989
466310	466307
466312	61350
466315	43664
466362	465961
466373	373330
466414	297639
469107	281020
469122	70090
469166	468719
469200	274500
469235	399256
469279	28063
469422	320050
469433	71930
469445	38217
469456	58816
469463	26452
469463	26456
470242	464572
470244	16493
470244	38626
470252	293310
470258	295091
470262	247258
470265	319294
470274	37500
470277	324031
470279	59926
470287	303891
470462	252545
470467	17696
470480	50373
470532	239588
470556	66187
470560	308435
470567	256541
470842	316950
470876	34757
470919	62208
470960	18738
471389	57354
471457	277495
471467	320280
471477	315632
471513	281856
471521	23692
471550	1399
471577	73849
471669	328373
471692	239561
472117	65988
472127	276502
472127	472131
472132	43221
472575	298386
472591	29075
472598	61965
472600	60872
472604	63920
472626	319307
472627	28446
472632	256362
472639	41065
472660	17882
472854	460267
472928	265150
472940	1511
472942	1516
472943	1518
472945	16423
472951	17765
472952	303553
473052	397714
473052	599701
473053	404096
473053	409602
474089	464360
475391	68556
475402	474582
475463	402738
475783	373320
476008	376610
478155	18194
478169	275702
479093	61705
479565	386695
479647	321133
480172	31730
480811	68649
480915	240525
480957	244498
481458	293039
481460	251884
482403	17995
483726	322752
484143	258429
484169	33865
484172	437037
485859	256435
485866	29636
486552	31234
486580	433811
487477	248217
489546	26805
492206	481597
492842	57659
492892	267584
492892	495589
498460	284983
499505	254894
501074	429537
501220	290263
502623	468001
502767	58453
503142	60711
503180	320669
503193	240383
504407	287051
506841	52018
506846	31174
506854	72050
506873	2027
508986	508338
510688	267139
510729	510717
510822	510823
510833	261563
515542	277357
517319	254881
517358	31316
517393	31204
517729	16102
519159	517531
519551	17578
519735	314791
519747	434490
519752	297783
519756	68945
519764	308077
519782	71235
519787	73401
519825	1434
519835	519844
519861	65619
519874	519867
520093	288461
520097	1444950
520097	1444951
520098	245122
520103	317064
520106	271654
520148	484648
520150	432804
520152	28450
520155	282056
520157	249433
520239	38964
520324	42451
520330	73563
520358	264281
520654	456357
520656	53403
521054	50509
521959	64773
522188	24234
522207	287128
522216	56213
522222	286075
522233	64983
522238	244777
523641	35454
523646	52246
523672	523671
523824	292490
523829	315953
523841	38325
523891	61306
523895	65235
523921	73302
523926	283532
523933	45779
523946	72047
523968	255515
523973	47009
526379	251015
526391	260531
526397	64245
526533	435253
526538	325824
526579	264387
526650	60199
526716	291925
526723	320274
527726	252383
527874	254292
527894	277786
527895	69536
527905	1766
527914	62941
527926	237892
527990	527991
528132	528129
528173	272857
528429	34433
528507	52495
528560	17799
528571	528562
528590	69796
528597	307969
528614	49559
528625	288590
528668	288435
528759	263697
530728	530574
530734	23584
530751	378537
530776	39607
530780	242220
530792	57400
530802	279989
530861	257619
532180	319354
532187	249699
532189	66428
532216	250345
532217	297859
532220	27453
532488	259720
532493	4959598
532541	316828
532543	60604
532551	16708
533696	1839
533755	313384
533760	307430
533761	293145
533767	24589
534148	30509
534245	258678
534265	18337
534268	250306
534285	272966
534292	34891
534294	308528
534309	534299
534352	260503
534366	16204
534378	287947
535785	444178
535791	298184
535805	290157
535892	61923
535893	67831
535904	456537
535922	35725
535926	31087
537328	253958
537361	536360
540581	73845
540585	284554
540636	57670
540640	255755
540643	272157
542544	255127
542547	251655
542554	245121
542567	25220
542576	27866
542586	284653
542587	507744
542604	241575
542607	328901
546488	279376
546520	66531
546564	244361
546601	19742
546627	530021
546648	260007
546654	72567
546753	315216
546754	285328
546755	292399
546759	33425
546766	33423
546771	545302
550774	547181
550828	548781
550893	430174
550919	247206
550945	550903
552860	541764
552896	247823
552899	30380
552906	551191
552907	551191
552908	550906
554469	52097
554493	63484
554502	553865
554577	252646
554586	256024
554598	307908
554600	62830
554608	275523
554628	24925
554629	322177
554632	245311
554634	64690
556672	41348
556758	284277
556760	247314
556764	251209
556770	73520
557261	272723
557286	555492
557287	554939
557288	554911
557297	254106
557598	259250
557601	35549
557627	40956
557827	555157
557828	546809
559365	302098
562036	72663
562043	272872
562107	301050
562108	46992
562109	64954
562131	22998
563689	243392
565476	36716
565569	436313
565597	243264
565609	562328
565639	1590
567311	40099
567316	562085
567364	36417
569720	61727
569721	73857
569743	293972
575328	28452
575535	70229
575537	325921
575550	311544
577458	256356
577461	73422
577486	259019
577491	255402
577502	40916
579873	562076
579879	36536
579889	27749
579897	254332
579910	325124
579911	289108
579923	306509
583715	262544
583717	460528
583776	326446
583777	2024
583783	314230
585675	55453
585677	460059
585714	253453
585726	39967
585734	584932
585738	310096
585747	554216
585752	318982
587222	70440
587375	251376
587384	531879
587427	264499
587503	278928
587513	254352
587515	273973
587516	281829
587534	35444
587538	258470
587554	576141
587562	60704
589824	589822
589836	70242
590091	326815
590093	277759
590096	287624
590098	281666
590478	52349
591509	29380
591546	252063
593082	260429
593099	270674
593133	313150
593140	59053
593145	323801
593156	506460
593206	245488
593207	63986
593208	290768
593232	34850
594662	253310
594671	72765
594678	39596
595048	40193
595087	466914
595090	299370
595611	279718
595612	487872
595620	325420
595648	243362
596701	410298
596705	260227
596707	411869
596740	244407
598108	310669
598111	292589
598133	286586
598143	264243
598177	44823
599662	32610
599663	296889
599669	317179
599670	22510
599671	244680
599677	244617
600234	312673
604174	68761
604500	283264
604501	283143
604504	66403
605944	256747
605954	41557
605966	319520
605968	318013
605970	277700
605985	36352
605990	366922
606730	46361
610509	25524
610523	72325
610534	38729
610541	71435
611551	305432
611553	281626
611555	315246
611918	273641
611942	16500
611953	436687
611967	295288
611994	242877
611995	286451
612002	255654
612020	66129
612023	46840
612050	19876
612060	40936
612069	525733
616033	267803
616054	49519
616060	269222
616066	262645
616066	400277
616078	310063
616081	61159
616082	318856
616084	25403
616090	39081
616094	288511
616098	32058
616114	57163
616125	325804
616126	58541
616128	286590
616129	38981
616135	313073
616138	51010
616140	42897
616141	268892
616142	70650
616144	51478
616213	272928
616215	322715
616216	267521
616217	322990
616219	56285
616222	59820
616224	69499
616234	293339
616235	453418
616245	298341
616255	58305
616269	251033
616293	268704
616294	318326
616300	60633
616306	18630
616315	244844
616327	249289
616329	554390
616333	68706
616335	52792
616360	64778
616366	69905
616378	34273
616393	18790
616440	248270
616449	250289
616535	612277
616657	261951
616664	261645
616859	51828
616899	473877
616901	239262
616932	57263
616983	40673
617033	297719
617113	59570
617499	392149
617516	17107
617550	21476
617564	61415
617596	247123
617599	315692
617604	236789
617607	242176
617638	490881
617699	272226
618037	438930
618044	26888
618180	32051
618186	290243
618186	312266
618187	310646
618196	535514
618226	295622
618276	440064
618309	1698
618321	288332
619140	30907
619146	57245
619178	281056
619187	265542
619458	68794
619471	274531
619478	250287
619481	242505
619533	245352
619536	23139
619538	60286
619542	283301
619554	255974
619704	246595
633881	63650
633885	276484
633888	246032
633890	19041
633894	288165
634055	57970
634071	296915
635051	436479
635065	259452
635069	301867
638971	268710
638980	297275
642553	323862
642564	295904
642586	570246
642594	33756
642836	247807
642846	25013
642877	639374
642891	21861
642892	71436
642894	640839
645763	52467
647672	44164
659596	56013
659603	55884
659609	310225
660557	313527
660568	312645
660571	242084
660572	67869
660578	33465
661143	531690
661164	33821
661166	314074
661182	51338
661186	305539
661189	489008
662444	28935
662793	63967
662795	239044
662796	270846
662799	267292
664506	289977
664509	61643
664514	272537
664539	242270
664552	35357
664552	979150
664982	60470
664991	65522
665006	48670
665013	320392
665019	297743
665022	663754
669076	257144
669087	267166
670491	270034
670540	282397
670575	19743
670637	454458
670641	318881
672300	27249
672312	418621
672320	298059
672334	35472
672766	261237
672773	258623
672777	68430
672805	672804
672809	627420
672815	53211
672816	19446
672819	324605
672820	70190
672822	53401
672826	259849
674253	255309
674471	674464
675825	675826
675956	38663
676043	295850
676191	467291
676216	318879
676245	264399
676270	676269
678112	239006
678143	47203
678185	281698
678865	277576
678893	46478
678897	276163
678911	243544
678915	61336
679817	298300
679827	299523
679834	394944
683030	240372
683033	286071
683034	42921
683037	320682
683053	532827
683058	246918
683062	72423
683075	678279
683077	679825
683094	16356
683236	272852
683241	27769
684820	46542
684834	272925
684855	283685
684856	308972
684867	453825
685186	71270
685190	65809
685328	551523
685335	291020
686422	68917
686428	438244
686448	44088
688257	24132
688270	47611
688282	325416
689764	259448
689785	561091
692001	40223
692007	259580
692012	273819
692043	243802
692047	21859
692049	283975
692053	500019
692058	530595
692062	245985
692065	253769
692068	23091
692077	325418
692874	64373
692878	323570
692880	311850
692881	244969
692882	31471
694565	46605
700940	250836
700941	27732
700946	253439
701130	644918
701142	279087
701147	268099
708524	254987
708525	72767
708558	70341
708579	610682
708707	245020
708843	260040
708848	315963
710754	303751
714911	2077
714913	2077
716710	244793
721212	434342
722491	482385
722522	244332
729452	324082
729466	259207
750611	17283
750740	47739
750741	273489
750743	267519
750748	16927
750749	16964
750751	16999
750772	34018
750785	313049
750789	313050
750797	313054
750806	313055
750823	750813
750828	750805
750831	750803
750840	750731
750841	38937
750845	38937
750851	453147
750852	750677
750854	292024
750860	750668
750864	277494
750880	276223
750903	750905
750907	750906
750908	750898
750913	464454
750917	265797
750924	750881
750926	750881
750927	750923
750930	324240
750932	750629
750970	687928
750972	434156
751166	751157
757756	274217
758447	41480
758457	73617
758460	317370
758507	47562
758580	311963
758607	65515
758620	685951
758626	279592
759695	479979
759698	561962
759700	514761
759703	303782
759708	752998
759710	67812
759711	753006
759712	268734
759718	72987
759733	17753
759738	702472
759740	62200
759745	31971
762026	240698
762027	247364
762034	20812
762043	25594
762551	293627
762561	272487
763082	467672
763085	245795
763091	67325
763100	276545
764036	320720
764038	264317
764054	252366
764057	245318
764064	763554
764066	73712
764074	1861
764091	70031
764105	251392
772435	36596
772451	34934
772459	764182
772463	764180
772464	764185
772525	26170
772525	378270
772540	254880
774050	246832
774119	6110
774126	1543
779820	282708
779846	269019
779846	1230435
779848	243262
779850	240224
779870	273564
779895	779563
780356	28133
780360	296950
780621	287363
784397	505870
784404	506446
784407	55694
784411	783594
784413	783381
784417	783222
784422	781831
784425	781586
784427	781490
787350	72107
787359	490011
787388	54949
787530	249251
787546	303368
787554	65547
791301	323644
793804	252926
793807	281870
793829	246045
793852	38329
793861	313526
793863	298996
793866	51482
795363	526888
795368	72808
795404	292874
795411	276697
795428	253447
795483	268401
800770	17626
800841	277777
800842	56926
815010	36330
815015	815014
815023	317067
820347	71328
821424	272762
821428	18098
821444	1664
821445	72941
821446	21238
821456	40977
829552	829531
829562	257524
837955	30151
837960	240032
840673	245394
840697	43527
840714	306277
840818	840814
840825	307771
840827	438731
840828	262535
840843	272007
840845	259718
840853	32606
840856	715631
840877	25449
840888	295628
841293	244780
843825	268653
843872	18812
849967	283522
851650	413828
851660	322478
851661	30364
851662	240162
851663	65363
851664	476416
851668	502232
851679	319518
851702	391757
851704	249147
855946	490841
855948	279936
857704	252015
857716	276366
857731	388881
857738	69906
857744	279600
857747	255766
857752	279737
857779	434764
857786	283738
857827	321483
864568	69032
864572	41902
866857	278098
868339	867922
868342	319986
868343	33571
868348	308103
868352	66739
868358	53834
868366	413608
868374	313876
868375	244442
868379	277746
868380	30722
868381	329671
868382	71723
878760	58174
878769	292410
896598	325788
896607	52324
896614	276329
896619	307991
896622	316616
896634	245444
903158	283986
903166	400165
903171	248006
903179	546928
903183	57092
903193	299070
903768	310771
903781	695186
903782	325009
913832	61228
924636	373320
973645	64224
973648	70316
973650	71096
973651	67041
973655	749293
973656	643271
973661	251843
984834	318193
984839	72856
984916	310155
984935	297074
1016746	434584
1016752	623182
1030342	307828
1030369	948281
1039973	1068778
1068784	65147
1068949	1068952
1068957	1068958
1069144	251631
1069168	3687354
1069183	59445
1069207	1069208
1069212	804193
1069214	259032
1069223	806985
1069238	17379
1069248	326318
1069249	385392
1069253	953260
1069256	291019
1069259	3687342
1069261	297200
1069266	239481
1069270	307528
1069277	50105
1069298	3603901
1069455	3687360
1069481	967084
1069521	434376
1070708	1070698
1070716	247862
1071620	448963
1071664	1071660
1071696	72201
1071889	1071892
1074100	261503
1074100	477193
1079301	22072
1080805	1080802
1081079	40227
1081081	278505
1081444	250299
1081503	408261
1082815	1796037
1082820	44243
1082830	71054
1083205	37571
1083209	55869
1083212	38047
1083338	285731
1083800	16801
1083802	62898
1083803	1067130
1083819	17401
1085538	623995
1085539	35758
1085540	253086
1085543	280647
1085588	242809
1085654	789735
1085670	558512
1096787	868965
1097582	247464
1097584	306681
1097587	39008
1097588	682147
1097590	16543
1097591	281077
1097592	21854
1097594	259016
1097887	881861
1111117	1111118
1127061	252321
1127071	242802
1127268	323181
1128587	388668
1132196	69874
1132200	247339
1132208	663914
1132246	261911
1132252	247453
1132276	32716
1132289	316845
1135067	245012
1135078	299746
1135086	1723
1135094	533263
1135103	258471
1179626	67511
1179644	254655
1179647	297626
1181744	36409
1187963	436181
1187979	73978
1187985	277768
1188001	71751
1188042	1343267
1188076	255532
1188094	255853
1188096	256342
1188096	1232224
1188100	39427
1188105	256157
1188107	259747
1188107	261748
1188107	261749
1188107	1276130
1188123	1024660
1188141	520135
1193392	54660
1240139	27095
1240173	1240172
1240175	261103
1240180	261327
1240185	50959
1240187	237860
1241877	242619
1241881	644990
1241883	305516
1241889	272482
1241890	242375
1241901	1027353
1241920	289890
1241923	519311
1241925	41071
1248139	853219
1248145	241763
1248157	27377
1253080	439781
1269883	20586
1269943	21075
1272438	29600
1272439	60147
1272440	1153061
1272441	716144
1272442	24581
1272691	1183708
1272702	710954
1298619	306395
1298620	242033
1298621	264550
1298623	243025
1304756	1304757
1304758	1304759
1304762	526545
1304766	1237061
1313362	251090
1321380	242766
1321382	240597
1321385	32067
1321386	314922
1321388	46253
1321392	910328
1321394	433518
1321395	433518
1323309	27051
1323312	722747
1323315	1392479
1324049	49537
1324052	242233
1324052	1328805
1324052	1328806
1324055	54229
1324059	974181
1324069	243302
1324086	640843
1324103	18858
1324108	436096
1324110	61052
1324117	246627
1324141	453163
1324913	31220
1326663	484882
1326683	251857
1326684	251968
1326703	66279
1326705	63403
1326715	677767
1327461	932906
1328725	251899
1328741	681574
1329317	1186449
1329352	885394
1329356	485979
1329549	63043
1329550	46644
1329554	749588
1343166	1392478
1343279	326074
1343286	54253
1343289	253446
1343680	58568
1343697	327331
1343697	680109
1344071	254730
1344081	464442
1344099	69808
1344114	431843
1344140	1024740
1344146	1125492
1344157	1241173
1344162	674261
1344169	452275
1344547	254935
1345531	645434
1345533	644533
1345540	644519
1345608	568985
1345609	568985
1345610	321343
1345614	245554
1345615	245554
1345635	662580
1345637	635041
1359667	255401
1359725	872853
1359743	283418
1359752	16457
1361716	274430
1361745	24463
1361807	953855
1361946	584258
1363557	283557
1363585	60512
1363609	60927
1363612	37696
1365938	1024770
1371631	312122
1371702	797007
1371754	1365847
1383449	71871
1385196	292670
1385210	244539
1385222	948030
1385222	1216234
1385410	1387027
1385489	1387025
1385520	3502216
1386973	801719
1386978	1346174
1388524	838820
1390758	23701
1393419	1393422
1393427	980457
1393429	25768
1393429	69635
1393435	264749
1393441	250720
1393444	1392711
1393449	537458
1393454	68433
1393459	31157
1393501	707232
1393511	762694
1398681	57350
1398683	460058
1399185	71307
1399196	292766
1399229	261217
1399241	457633
1399243	69927
1399246	25538
1399253	43926
1399254	301587
1399256	262476
1399274	1399271
1399805	71844
1399834	476845
1400892	755509
1401671	292033
1401684	69556
1401704	1005334
1401712	69073
1401718	1046417
1401727	297797
1401736	318921
1401736	1355896
1401767	16475
1401781	1180919
1401787	953574
1401791	17311
1401819	284571
1401820	328746
1404368	238578
1404371	682439
1404408	289506
1404411	284943
1415621	33182
1415630	410244
1422562	1098217
1434615	953191
1448403	56269
1448411	301534
1448418	33096
1448418	1448412
1449901	838874
1449925	1372574
1449947	507444
1450039	314244
1450198	329588
1450717	516619
1452248	41247
1452303	303667
1452314	38067
1452319	26595
1452321	1060570
1452351	257850
1452372	919038
1452387	2225
1452421	36154
1452423	314975
1452475	59003
1454062	1454061
1455144	279189
1455146	953226
1455149	71269
1455211	730312
1459155	1764
1459208	23251
1460217	1457529
1460228	401759
1461037	1098095
1463862	32643
1463867	32594
1466947	1466943
1466961	1466931
1470539	427813
1470547	1362038
1470561	39471
1472223	1028531
1472248	250322
1472263	448968
1472294	2210
1472346	1472328
1472371	1472368
1472802	312241
1474302	1178046
1479335	36482
1479343	31303
1481514	456441
1481672	314802
1481823	1312248
1489808	48292
1489809	322096
1489812	48226
1490841	327140
1490854	554615
1493380	773323
1506973	1506901
1528264	1120297
1528264	1121209
1530724	273682
1530726	273682
1530728	273682
1530733	259169
1530738	243637
1530774	260040
1531475	516604
1531512	361576
1531516	812827
1531615	958817
1531617	256122
1531623	939903
1531626	1101266
1531636	294391
1531662	886884
1531665	2424
1531666	20398
1531667	23862
1531713	263620
1531721	263638
1531723	898903
1531768	27046
1531776	593267
1531779	579774
1531780	237679
1531859	749788
1531862	55742
1531870	2077
1531878	760574
1532168	24958
1532169	1276904
1532170	1066758
1532306	259775
1532309	1235430
1532313	1432
1532353	16659
1532355	26426
1532363	1415203
1532369	1404323
1532390	627359
1532394	437031
1532398	258174
1533388	703123
1535686	2574423
1541964	497731
1541974	241633
1541992	65942
1541996	537749
1542002	254516
1542003	287430
1542003	609039
1542007	477195
1542027	903852
1547109	1547113
1547173	289615
1553551	36134
1553556	1553372
1553557	1022461
1553746	300378
1553748	1553747
1553754	291757
1553756	44452
1553759	24698
1553764	57368
1553768	256399
1553769	294155
1554997	36493
1555120	36419
1555122	319166
1555125	292492
1555130	73897
1560879	367118
1560881	255985
1561057	1391804
1562574	16458
1566319	307215
1567831	41061
1567832	903832
1569770	968248
1569780	34322
1569788	508778
1569795	51133
1569816	1569817
1570039	267360
1570041	886980
1570043	473588
1570044	2306
1570045	39221
1570046	29780
1570839	70387
1570840	243355
1572637	723430
1572646	240457
1572649	296622
1572667	733810
1572703	1572702
1573090	43267
1573101	436953
1573265	248212
1573273	27231
1573277	404098
1573302	1534327
1574182	1574180
1579565	1140954
1579574	1579452
1579581	1579415
1579585	1579455
1579589	1579398
1579592	1579470
1579631	593547
1579659	248447
1579659	1578541
1582546	627156
1583362	1495850
1584505	714352
1584508	372015
1584728	302638
1585857	26044
1585867	285913
1586096	256389
1586115	279232
1586453	294302
1587619	40892
1587692	726355
1587693	1120466
1589479	644321
1590853	958758
1590856	1517279
1606909	270753
1618839	939745
1618937	264894
1618938	403284
1667918	715080
1667926	305577
1667936	1196585
1667942	1667947
1667967	1663260
1667968	717851
1692104	275646
1692108	305373
1692111	1401128
1692119	954098
1692123	697193
1692126	238834
1692133	807166
1692140	312671
1692150	271763
1692155	1667947
1692169	1691837
1692172	1691837
1692191	1174867
1692193	1691832
1692195	1691832
1692198	1691831
1692201	1691778
1692247	1691397
1692252	1691393
1692254	1691393
1692263	1691374
1692267	1691374
1692277	1691379
1692306	1691362
1692316	1691357
1692334	625907
1692349	1691345
1707163	354256
1707468	284120
1707498	320572
1708824	454413
1711873	1711625
1711876	1711433
1711879	1710599
1711881	1710521
1711883	1710463
1733263	66210
1733266	1457056
1733315	1519789
1733317	1148389
1733318	1671859
1733481	354494
1746080	955899
1746083	323044
1746088	792729
1746092	323211
1746093	309012
1746112	715054
1746536	647456
1747097	257864
1752331	1683884
1752436	312816
1761564	29868
1761576	281078
1761622	531833
1761662	249650
1762934	1042403
1762936	953247
1762937	1388691
1762938	1388691
1762940	310061
1763614	1241595
1763655	302286
1763677	735886
1763681	1763680
1765985	5359762
1765990	535318
1766112	413791
1766118	467436
1766127	646582
1766128	1766129
1769172	434604
1769179	1242879
1769180	312045
1769180	536145
1769183	312270
1774574	528258
1774613	21971
1774640	54811
1774643	400949
1774652	1774653
1778352	1565062
1780709	1780710
1780711	1780712
1780714	427988
1780715	30940
1780719	33771
1780721	31334
1780727	434982
1781059	1020543
1792543	1787898
1865261	29388
1865410	251268
1866973	242804
1870360	516622
1874151	2574421
1874427	490628
1874429	960034
1875302	297685
1877279	322734
1877381	1026791
1877383	299273
1878026	1027974
1878258	258792
1878326	68948
1878441	1792477
1879934	547067
1881977	237596
1882026	297258
1882055	256310
1883161	39666
1883168	976668
1883446	42149
1883671	41476
1884238	296359
1884247	289561
1884558	486963
1888713	26886
1888753	687608
1889225	258918
1889385	61790
1889390	41903
1891235	60644
1891258	674478
1891341	1815767
1891364	1660845
1891365	68270
1891379	290229
1891604	61385
1891606	374762
1891627	2446
1891633	285787
1892339	1029084
1892589	250878
1892593	6897855
1892609	1649962
1892632	961938
1892639	1802676
1892675	46910
1894819	519109
1894860	257714
1894961	873323
1895028	58898
1895060	619636
1895123	29766
1895356	1797685
1895362	1092521
1895532	278110
1899356	301656
1899424	1815546
1899425	1823248
1899452	62219
1899459	1780609
1899469	238825
1899480	906703
1899575	1662292
1899578	31664
1899632	873570
1899650	19356
1899659	287454
1899664	63177
1899671	711333
1899681	305790
1899683	313823
1899708	898526
1899723	460049
1899827	523898
1899869	1048505
1899902	33186
1899930	953101
1899964	60429
1900008	1446478
1900025	887344
1900057	276269
1901818	680132
1901832	275313
1901835	41918
1901836	24674
1901842	53292
1901847	69990
1902054	1756432
1902129	15973
1902163	62130
1902198	320505
1902283	52298
1902652	261752
1902783	299095
1904496	1770346
1909039	1444839
1912308	21543
1912319	38947
1912344	40110
1912445	403063
1912492	41775
1913054	249167
1918138	1148262
1919520	1048982
1920726	43798
1920743	258749
1924921	42840
1927049	318021
1929129	838844
1929996	71629
1930002	49782
1936627	9602
1936628	9602
1939065	456317
1944593	322841
1947286	244748
1947375	73647
1952052	30502
1953379	776107
1953400	15945
1953401	275302
1953512	269748
1953750	270583
1954213	50043
1954296	1490941
1954415	1874312
1954433	1209371
1954438	456151
1954444	1230509
1956457	59638
1957563	801026
1957592	1619705
1957628	1790
1957749	38058
1957839	578276
1959299	310167
1959309	289268
1959999	70394
1963441	1404438
1966514	249044
1966580	41917
1966590	252983
1968878	405525
1968878	2946396
1970102	401694
1970269	280812
1970313	259579
1970422	1092609
1970427	55399
1970462	1654039
1972466	3687367
1972491	1972489
1972501	326527
1972536	263337
1972764	276592
1974735	68157
1974736	313205
1974747	799859
1974756	311886
1976279	326572
1976287	1663860
1976310	474732
1977935	1830568
1978055	509161
1985578	70926
1985579	36817
1985580	1580211
1985581	1029100
1985582	266825
2026843	37079
2026844	37078
2027829	37077
2027908	37075
2027922	37074
2027941	37073
2027945	37071
2027945	37072
2028052	37069
2030149	37068
2054871	1210860
2055851	308408
2057452	529786
2057455	382918
2057461	58401
2057472	52395
2057486	1578606
2057506	289078
2057589	304538
2057607	32421
2065146	16166
2065161	41566
2065171	455965
2065183	278169
2065233	33312
2065320	287509
2067277	316041
2067278	266829
2067280	950268
2067282	1191978
2067286	16830
2067296	942377
2067308	57122
2067334	1580112
2067348	1079066
2067847	319157
2069390	18538
2069414	1557636
2069452	1792202
2075201	70296
2075242	307324
2076372	45438
2076976	295361
2077799	1699279
2077800	38004
2080635	715851
2080714	1396357
2093581	327916
2093584	1961274
2104069	1690427
2104070	1690427
2104081	1745177
2104082	1665274
2104084	1665274
2104085	52005
2104087	52005
2105087	266181
2183241	1305895
2183250	282143
2183255	251022
2183260	60761
2226272	305631
2226274	1517416
2226283	297069
2226556	2171630
2227492	256321
2272617	16386
2272629	17374
2272636	17396
2275468	2124749
2336067	1776619
2336091	1060593
2340471	300302
2340476	65303
2349945	315448
2355740	1961814
2479077	3600749
2479077	2880172
2479171	3613765
2479171	3613766
2479183	71435
2479205	2561555
2479206	2561548
2479216	2544150
2479218	3605515
2479218	3605516
2577699	2577693
2577792	454514
2577795	454514
2614843	2610583
2628312	2210780
2688920	2535309
2818389	27828
2820353	55399
2833948	2833944
2844435	1152017
2844435	664250
2844435	1068952
2864415	285039
2962024	253292
2962039	2540310
2962043	2195248
2962052	292356
3081411	2412739
3179100	3179083
3282796	742090
3282802	274252
3282807	41502
3283996	2460388
3303134	2713336
3327267	62528
3364352	3364334
3364355	3364310
3364379	3364279
3364385	3364269
3364398	3364267
3364403	3364263
3364403	3364262
3364412	3364236
3364415	255101
3364421	3016317
3364441	3364443
3364448	3364470
3364478	3364485
3364489	3364490
3364498	3364493
3364504	3011015
3364507	264025
3364508	264025
3364509	3364510
3364517	502823
3364533	2255271
3364538	2192613
3364543	3363273
3364553	2644137
3364554	3022625
3364674	464318
3412311	68450
3463030	293037
3465133	259591
3465134	259591
3465153	2779109
3465155	287129
3465157	71929
3465162	19170
3465168	646561
3474609	1902379
3475946	73472
3475947	2591643
3475948	953358
3475950	439591
3475952	2111522
3475955	1961853
3475971	3475702
3475974	2617107
3475989	487620
3477029	1096485
3477031	1096484
3477032	505526
3498971	3498972
3499591	3499593
3499635	3499637
3499662	3499663
3499667	1487814
3499676	479306
3499680	433696
3499701	1390278
3499704	1390278
3499717	2321506
3499718	17385
3499719	32165
3499722	318386
3499724	770237
3499725	314415
3500934	2926916
3500935	2926913
472127	472734
3500939	2917115
3500940	1648291
3500941	2917119
3500944	2920823
3500945	2920823
3500953	283792
3500955	276263
3500958	2920895
3500962	2920875
3500963	2651095
3500965	2920854
3500970	2911690
3500973	2911637
3500976	401879
3502231	1312248
3502232	1312248
3502233	1312248
3600745	70623
3600747	24765
3603832	3603834
3616167	3616168
3621774	3621777
3621797	3621800
3685726	3685728
3780470	3222981
3840346	3812934
3855892	364954
3868050	31528
3868086	3866966
3868128	3866885
3868131	3866814
3868173	1193965
3868196	239682
3868201	325462
3868854	262339
3868855	39254
3868859	1290698
3868858	1290698
3868863	1887358
397197	437974
3868869	2571521
3868871	3403260
3868875	2518462
3868909	65872
3869340	3868903
800845	281873
3869340	68238
1188094	3931908
1272438	3931909
3943629	3943630
1972492	54965
4007389	1907148
4167634	4087794
4193496	58919
4193498	2826450
4193500	3913885
4193502	40559
4204573	1572
4204574	1613
4204576	483523
4204582	2172
4204622	2034583
4350822	4350821
3859483	24697
4419029	348790
4445418	4391420
4464851	3764987
4464852	3764988
4464853	3764988
4464854	1937708
4464857	1937710
4464858	1937711
4464859	1937712
4464861	1937713
4464863	1027291
4464864	1481
4464865	1481
4464866	1602098
4464868	1094779
4464869	272637
4464872	17540
4464874	17540
4464875	3729420
4464876	3729420
4464877	2276124
4464878	2330008
4465799	2225755
4465800	554082
4465802	2451176
4465803	1929051
4465804	1929051
4465805	28809
4465806	239245
4465808	28537
4465810	1305678
4465813	1305678
4465814	2203848
4465816	3916448
4465817	806978
4465818	825493
4465819	2082976
4465820	2082976
4465822	725438
4465825	237628
4465826	315126
4465828	49434
4465833	4016314
4465834	2197630
4465837	2324188
4465839	703141
4465844	2051821
4534016	2047126
4534018	2323215
4534019	2011303
4534020	1884589
4534022	1118673
4534024	314105
4534026	314105
4534029	323290
4534079	1748085
4534081	840139
4534082	840139
4534084	840139
4534095	438605
4534104	1026995
4534105	1026995
4534106	48088
4534109	306850
4534112	1092152
4534113	1092152
4540731	2230363
4544215	1555437
4544217	1555437
4544222	2171153
4544228	2171153
4544229	1025568
4544230	1025568
4544239	476764
4544241	383646
4544244	383646
4544249	383646
4544264	322887
4544272	295634
4544275	2349108
4544279	1871551
4544283	1871551
4544289	311077
4544291	311077
4544297	70955
4544301	70955
4544307	2152731
4544317	244804
4544321	2359408
4544328	2184569
4544329	312881
4544330	255575
4544331	247004
4544333	859995
4544335	73359
4544336	73359
4544343	61223
4544345	312298
4544348	2187272
4544349	4132858
4544350	4132858
4544376	576638
4544377	703597
4544378	703597
4544379	260019
4544380	249692
4544381	249692
4544382	2648607
4544383	3905439
4544384	387440
4544385	869420
4553230	2915249
1070710	4563609
4581036	4581038
4581043	4581040
4590798	4590799
4646174	2895268
4646178	2422941
4646189	326529
4646192	2329579
4646200	1044420
4646201	257094
4646215	258815
4646222	3109719
4646224	298391
4646227	2047694
4646233	1029094
4646235	43679
4646237	43679
4646239	314752
4646246	45192
4646251	403363
4646254	50927
4646263	311185
4646266	321187
4646271	305378
4646273	278132
4646276	278132
4646277	3402553
4646280	3738763
4646292	3202034
4646295	3652065
4646301	238218
4646313	19940
4646314	19940
4646315	251456
4646328	301532
4646332	42722
4646336	271366
4646341	3385234
4646343	2540135
4646346	2540135
4646350	1943893
4646353	253937
4646356	63320
4646358	63320
4646363	59234
4646375	2064962
4646387	28485
4646389	28485
4646395	1821157
4646397	24259
4675912	1479634
4675914	1541540
4675920	2544188
4675927	63704
4675929	515533
4675933	1028718
4675936	1496813
4675938	2111570
4675941	2111570
4675944	1867785
4675948	3168352
4675951	1951412
4675956	1951412
4675961	2093029
4675965	1092713
4675968	2007523
4675969	2192508
4675971	3061463
4675974	2891125
4675977	45368
4675981	72335
4675982	1025095
4675985	1025095
4675986	2236981
4675989	2276366
4675991	2030021
4675995	2245051
4675997	3152712
4675999	3241443
4676001	55087
4676004	3200995
4676005	410542
4676007	3330266
4676014	3415373
4676015	2215681
4676016	2215681
4676018	2865957
4676020	57203
1532309	1120399
4676022	1120399
4676026	670503
4676028	1026668
4676029	1895734
4676030	2667594
4706158	1804273
4706162	2253794
4706181	2057655
4706209	4494762
4778563	1029402
4778564	3178478
4778569	3329607
4778572	3372142
4778577	47403
4778579	2033687
4778580	21710
4778581	628763
4778584	296213
4778585	1334932
4778587	898481
4778591	290418
4778592	2235878
4778597	248967
4778601	1028850
4778603	285912
4778605	794925
4778610	241763
4778612	4606511
4778613	2268120
4778615	275033
4778617	275033
4778619	3619331
4778621	3287897
4778627	2111726
4778628	1439092
4778630	302064
4778637	238235
4778638	900880
4826728	288428
4826742	2396245
4826752	290309
4826759	1628258
4826761	2229718
4826762	51103
4826763	51103
4826764	1029305
4826768	2643431
4826769	2245406
4826770	2245406
4826772	4632209
4826773	1214440
4826774	752469
4826775	261448
4826778	4008781
4826782	1884569
4826791	3733860
4826799	3287226
4826805	2329622
4826811	2273390
4826813	2273390
4826822	1638283
4826829	20433
4826831	387500
4826832	1550
4826836	436949
4826837	2819425
4826838	2819425
4826839	4597877
4826840	2276005
4826841	1495832
4826842	1495832
4826843	2409236
4826844	2395366
4826846	3403434
4826854	2451177
4826859	17947
4826860	1855220
4826861	1823317
4826863	43428
4826865	43428
4826866	43428
4826875	25630
4826884	250071
4826885	307716
4826888	703158
4826896	703296
4826899	931540
4826903	291216
4826906	293365
4826908	4055098
4826911	4826905
382482	292027
4544327	621067
4110864	2481696
4688844	1370104
4634430	434996
1069089	1069086
4826880	1871974
4826867	706876
4826867	23929
1572669	388869
4826809	1078048
4917634	2494383
4917636	241511
1667887	415441
4973854	3342410
4973864	958875
4973869	627799
2479206	1582020
4933259	5019061
4826826	288497
4826850	681678
4826824	33597
4826777	2855310
4826776	294406
4826771	4632209
4826767	433423
4778589	296464
4778583	50946
4778583	1115775
4778582	1024695
4778576	5019461
4646287	317277
4646232	2263432
4646219	5019464
4646209	61201
4646208	5019467
4646186	5019472
4544235	27744
4534098	432960
4534094	437969
4534021	5019476
4465846	1046425
4322028	5019481
4320311	5019485
3365053	3143476
3364434	1812698
2673331	59367
2479211	258157
2628312	5019505
2479084	308757
492974	4694981
1573086	304790
5221025	770378
5221027	680382
5221029	1496621
5221130	20125
5221138	813306
5221141	2640969
5221142	3823136
5221143	2645826
5221146	3174834
5221147	3174834
5221149	2486680
5221154	1920694
5221156	2275223
5221157	322497
5221162	254932
5221165	325105
5221170	2028520
5221172	56300
5221173	255265
5221176	289527
5221177	289527
5221178	289527
5221182	20333
5221188	39538
5221194	2361281
5221198	3914864
5221208	16256
5221209	16256
5221210	3819268
5221211	1936317
5221214	1175496
5221216	2376378
5221228	1395492
5221231	1635
5221232	1805350
5221233	435409
5221234	887292
5221236	305585
5221238	314953
5221240	417891
5221239	708138
5238145	5238033
5238146	5238032
5238147	5237998
5238148	5237950
5238150	5237947
5238151	5237944
5238154	5237933
4626738	56304
5355280	29926
5355292	55978
5355294	273572
5355296	282423
5355297	284093
5355298	308520
5355302	317066
5355303	319360
5355304	430065
5355306	453605
5355307	453605
5355311	478573
5355314	630890
5355316	716666
5355317	958816
5355318	1025134
5355320	19540
5355322	25850
5355323	37865
5355324	37865
5355325	29422
5355326	246549
5355327	252216
5355328	263173
5355330	325645
5355332	349092
5355333	378669
5355335	1392349
5355336	1446476
5355337	1537882
5355338	1541478
5355339	1795460
5355340	2250100
5355341	2274017
5355342	2542055
5355343	2956244
5355344	3022631
5355345	3312110
5355346	3312219
5355347	3403455
5355348	3436578
5355349	3561902
5355350	3596562
5355351	4198343
5355352	310722
5355353	3732325
5355354	3780432
5355355	312035
5355356	2280428
5355357	3573760
5355358	3730767
5355359	19727
5355360	22420
5355361	37308
5355362	41948
5355363	73576
5355364	297885
5355365	315754
5355366	833359
5355368	320394
5355369	386497
5355370	1018633
470876	5358404
764106	1308112
5358405	289109
5359775	39818
5359781	260962
5359782	267535
5359785	290505
5359786	291467
5359787	312482
5359788	313553
5359791	400391
5359794	453908
5359799	483048
5359803	491907
5359809	997097
5359817	1183759
5359818	16684
5359825	20222
5359828	23004
5359832	251839
5359833	263552
5359835	287797
5359836	292252
5359839	301772
5359843	324264
5359846	605195
5359849	700997
5359852	895146
5359857	908734
5359861	908734
5359864	958772
5359865	1170040
5359870	1396380
5359871	1771698
5359873	1951972
5359877	2243612
5359881	2248321
5359882	2248321
5359884	2275831
5359885	2276927
5359886	2276927
5359887	2276927
5359893	2396111
5359895	2543184
5359896	2543228
5359898	2543302
5359903	2567188
5359906	2646589
5359907	2951510
5359920	6052
5359936	3856475
5359939	3905213
5359991	5359993
5359999	5360000
5360011	5360013
5360019	5360020
5360023	55373
5360023	326517
385920	291794
410668	2712656
403506	2713701
1069549	3462231
473052	261418
5360849	707205
5360850	1520899
5360851	1740866
5360852	1832133
5360852	1832134
5360854	2647058
5360855	2648134
5360857	22283
5360858	259634
5360859	268721
5360860	306336
5360862	1107826
5360864	2387252
5360865	20422
5360868	22463
5360873	710924
5360888	18710
5360890	52548
5360894	53480
5360896	61271
5360898	72097
5360899	248561
5360900	258791
5360901	258795
5360904	5332946
5360905	5332947
5360907	5332949
5360909	5332952
5360912	5313561
506857	5313712
5360914	5314117
5360915	5315405
5360916	5317133
5360920	5318344
5360922	5318374
5360926	5318407
5360932	5318411
5360935	5318443
5360937	5318465
5360938	5318770
5360940	5318814
5360942	5319779
5360945	5320476
5373587	36393
5373591	68841
5373598	243640
5373600	247973
5373603	261696
5373609	264337
5373615	294371
5373620	297717
5373622	314631
5373631	319268
5373632	680482
5373634	911141
5373635	1025951
5373639	1042714
5373644	1771965
5373645	1816875
5373648	1887573
5373649	5373650
5373653	2036338
5373654	2046717
5373655	2117349
5373658	2451518
5373659	2481335
5373662	2525121
5373665	2721619
5373667	2744284
5373668	2883028
5373678	772760
5373685	485471
5373686	452681
5373687	2202397
5373688	471377
5373690	2162686
5373692	521150
5373694	2665647
5373697	2137825
5373703	409429
5373705	2469056
5373710	831856
5373686	1408616
5373686	1408618
5373620	430077
5374475	530675
5374477	2162663
5374478	452770
5374480	270058
5374501	891822
5374502	2269594
5374503	2162933
5374507	470742
5374508	535465
5374509	566585
5374510	672963
5374511	777125
5374514	473819
5374515	463868
5374516	555298
5374517	2301430
5374518	568944
5374519	568944
5374520	2160734
5374521	445914
5374522	445914
5374523	484682
1530724	411667
5374525	411667
5374526	411667
5374527	2432167
5374567	2174940
5374568	415439
5374569	577196
5374570	431046
5374572	971515
5374575	564495
5374578	533085
5374581	568951
5374602	931494
5375342	406475
5375344	564623
5375349	577208
5375354	569560
5375355	2206701
5375357	538449
5375359	812518
5375360	2455454
5375361	569294
5375362	2455565
5375363	774773
5375365	2684539
5375366	495626
5375368	453647
5375372	2401841
5375374	2304096
5375379	2584942
5375380	941319
5375382	958893
5375385	2684564
5375386	540494
5375389	400305
5375391	507753
5375392	490792
5375394	520945
5375396	297695
5375397	295273
5375398	762039
5375399	3687489
5375398	2335903
5375402	1553747
461597	461603
2226276	1401800
5375404	491765
5375405	424871
5375406	432319
5375407	396738
5375408	2269662
5375409	488481
5375410	903758
5375411	941358
5375412	409324
5375413	409324
5375415	454496
5387016	28753
5387017	34434
5387019	56881
5387024	299711
5387026	308982
5387028	400282
5387029	400568
1070496	317830
1080945	1885879
1080945	403115
2254244	5401651
386747	38937
1530772	5401653
4329762	5401654
4329762	371965
5221191	5401656
450352	455073
669086	5401659
1068841	5401661
1069344	1010064
1531431	5401666
1531431	5401667
1531625	5401668
2230346	252995
2230346	4305513
2479131	5401675
2479191	2094824
4322099	5401680
4322099	5401681
4322103	5401684
4322103	5401685
4322104	3154681
4329763	5401689
4329764	2375938
4589964	5401691
4589964	5401692
506861	5401693
519864	851099
1068785	5401699
1069147	5401700
1069147	5401701
1074101	1992690
4778564	3918192
4778564	3918191
750845	38938
506861	5424106
4322103	5424130
5444650	5308161
4356103	4625625
4356103	4625626
4320332	5621626
5641392	1463457
5641393	61738
5641395	807174
5641399	411807
5641402	2013069
5641403	2275981
5641406	4014343
5641408	2647538
5646169	4181237
5646184	19889
5646185	19889
5641388	1025296
5729984	251638
5729985	251798
5729986	257832
5729987	280871
5729988	300552
5729989	371923
5729990	477224
5729992	1891110
5729993	17303
519782	38247
5729995	268762
5729996	268762
5729997	302850
5729998	645176
5729999	1008951
5730000	1874343
5730001	1887148
5730002	2011798
5730003	2359926
5730004	2462293
5730005	2487206
5730006	2663058
5730007	3312441
5730008	3734958
5730009	3736445
5730010	3879469
5730011	3907083
5730012	4011589
5730013	4440560
5730014	4495938
5730015	4665379
5730016	5134389
5730022	615302
5730023	526826
5730025	638234
5730026	512886
5730027	597640
5730028	601997
5730029	694024
5730030	623300
5730031	507168
5730011	3907082
5730033	45788
5731288	253926
5733402	267739
5733407	245128
5733408	247348
5733409	255455
5733411	1663048
1957724	324631
5733415	21626
5733416	244089
5733417	279197
5733418	54167
5733419	27388
5733420	403280
5733421	593274
5733422	694295
5733423	870110
5733424	915345
5733425	2439726
5733426	2476843
5733427	4494629
5733428	5176935
5733430	2117
5733445	259433
5733446	265711
5733449	2220985
5733450	2259531
5733455	4016646
5733462	21946
5733472	278169
1531620	1531621
1069543	248688
443090	443088
472632	25072
840850	707328
1766049	40019
1947286	69392
2219195	70049
1572998	34842
2479093	897679
5733526	2367870
5733536	2367868
5733546	2367862
5734077	28537
5734080	35179
5734081	56973
5734084	70003
5734088	256898
5734091	284457
5734099	291370
5734101	316646
5734105	325428
5734106	474080
5734107	475766
393378	554860
5734110	813443
5734112	899650
5734113	1482603
5734117	5701763
5734118	5701399
5734119	5701346
5734122	5696025
5734130	5695980
5734131	5695968
5734135	5695988
5734136	5695970
5734137	5695971
5734138	5695967
5734139	5695966
5734140	5695963
5734142	5695964
5734143	5695964
5734144	5695965
5734145	5695961
5734156	5695938
5734160	5695943
5734175	5695926
5734179	5695915
5734183	69494
5734184	880557
5734757	5695910
5734759	3756459
5734761	5265479
5734764	5664322
5734794	5624149
5734796	5624897
5734801	5625125
5734806	5625127
5734810	5625128
5734817	5625131
5734819	5625132
5734820	5626256
5734824	5626261
5734826	5626268
5734827	5626269
5734829	51880
5734833	318955
5734879	5695969
5734899	1821152
5734901	1344025
5734904	1887669
5734906	2222306
5734913	2776256
5734918	2804318
5734920	3023735
5734922	3911003
5734923	3956162
5734925	4083741
5734928	3189153
5734930	5528598
5734935	5528579
5734937	5528560
5734938	5528538
5734941	5528543
5734977	1421043
5734978	2854608
5734982	2653805
5734984	3917831
5735064	5409462
5735066	5409036
5735067	5397487
5735068	5397488
5735071	5397486
5735077	5397470
5735082	5365989
5735083	5365244
5735086	5340748
5735089	3123637
5735090	3123650
5735093	2761815
5735095	3123654
5735097	3154037
5735099	3461475
5735100	3733552
5735101	2538436
5735106	2953164
5735110	3009072
5735111	5318944
5735117	3733010
5735121	5309099
5735123	5308161
5735121	5309100
5735125	5295840
5735126	5295845
5735127	5295848
5735128	5295849
5735131	3733185
5735136	2641363
5735137	2641363
5735139	2737383
5735140	2782445
5735143	3131748
5735149	3329607
5735151	3424129
5735153	3424129
5738644	3523003
5738651	3676527
5738652	2912155
5738653	5258951
5738654	3647252
5738655	3673492
5738656	3698332
5738657	3378237
5738658	3452122
5738659	3519530
5738660	3520621
5738661	3606949
5738662	3633961
5738663	3644554
5738664	3659356
5738665	3659358
5738666	3676551
5738667	3720206
5738670	35866
5738672	3716026
5738673	3997922
5738674	5270597
5738675	2640931
5738676	5269925
5738677	5269917
5738678	5269920
5738679	5269921
5738680	5269906
5738681	5269894
5751010	26139
5751012	66694
5751015	292920
5751028	407075
5751033	292920
5752926	1989692
5752939	36099
5752959	1992226
5753012	5170072
5753074	583473
5753098	972233
386773	1277
5761042	5760233
5761044	5760231
5761045	5760229
5761046	5760228
5761047	5760203
5761048	5760201
5761053	5760195
5761059	5760194
5761061	5760186
5761063	5760184
5761064	5760183
5761065	5760182
5761066	5760181
5761068	5760180
5761070	5760179
5761071	5760178
5761074	5759268
5761075	5759265
5761076	5755125
5761077	5754805
5761079	5752731
5761081	5749870
5761082	5749868
5761084	5749495
5761086	5748956
5761088	5741846
5761090	5735018
5761091	5734986
5761092	5734230
5761094	5720765
5761096	5720737
5761097	5720732
5761099	5720604
5761100	5720603
5761103	5720602
5761104	5720600
5761107	5720599
5761113	5720596
5761119	5720587
5761121	5717986
5761124	5717984
5761127	5717982
5761129	5717981
5761130	5717980
5761131	5717978
5761132	5716860
5761134	5716768
5761136	5716764
5761138	5716761
5761140	5715093
5761142	5715092
5761145	5715088
5761153	5711959
5761157	30546
5761158	37089
5761163	43380
5761165	390043
5761175	289105
5761176	294856
5761178	297146
5761182	757347
5761192	1887615
5761194	5710159
5761197	5707381
5761198	5707247
5761200	5707242
5761203	2245909
5761205	2251166
5761207	2464723
5761210	2925520
5761211	2948051
5761215	3592220
5761216	3620047
5761217	3824577
5761219	3880424
5761225	4771239
5761227	5256981
5761228	5592939
5761230	5607230
5761231	5707162
5761234	5707158
5761236	5706717
5761237	5706716
5761242	5706682
5761244	24094
5761248	241095
5761250	256943
5761380	325085
5761381	388376
5761382	521662
5761383	573957
5761384	700663
5761385	953321
5761387	5518345
5761388	5509231
5763130	5706679
5763132	5706676
5763134	5706674
5763137	5705499
5763139	5705388
5763141	5705387
5763139	5705380
5763141	5705375
5763150	5705382
5763153	5705379
5763155	5705378
5763157	5705376
5763158	5705374
5763159	5705373
5763161	5705371
5763162	5705364
5763163	5705366
5763164	5705367
5763165	5705368
5763166	5705369
5763167	5705370
5763168	5705363
5763169	5705362
5763170	5705360
5763171	5705359
5763172	5705358
5763173	5705357
5763174	5705356
5763175	5705355
5763176	5705318
5763177	5705314
5763177	5705313
5763178	5704961
5774594	5774465
5774595	5772243
5774596	5754316
5774597	5749824
5774598	5749823
5774599	5742492
5774600	689908
5774644	5767528
5774646	5748842
5774648	5745838
5774650	5720845
5774655	5737288
5774657	5737288
5774659	5767527
5774662	5756979
5774664	5756507
5774666	5743867
5774667	5745837
5774675	5743894
5774675	5743897
5774680	5720844
5774685	5737290
5774687	5699637
5359791	26210
5777013	262814
5777016	284139
5777017	287003
5777019	296177
5777423	325648
5777443	2395137
5777444	2395137
5777457	2974636
5777460	503816
5777462	662665
5777471	707269
5777477	318679
5777478	318679
5777484	61824
5777495	5701395
5778301	5701764
5792952	5783316
5792957	5783320
5792961	5782932
5792963	5782933
5792964	5782927
5792969	5781940
5792970	5781942
5792975	5781944
5792978	5781945
5792985	5781623
5792989	5781625
5793000	5781627
5794836	5783321
5794839	5783323
5794845	5782889
5794850	5781941
5794853	5781947
5794856	5781628
5794859	5780538
5794867	5767040
5794875	5759948
5794878	5733887
5794880	5722481
5794885	5701770
5794894	5701767
5794899	5696037
5794901	5696030
5794905	5695986
5794912	5695981
5794913	5695949
5794914	5695949
5794915	5695945
5794917	5695942
5794919	5695935
5794921	5695923
5794923	5695917
5794926	5677436
5794927	5626256
5794929	5626259
5794931	5626259
5794932	5626040
5794934	5625323
5794936	5625124
5794941	5528527
5794942	5528527
5794945	5423450
5794960	43422
5794962	247704
5794963	248799
5794965	314528
5794966	314528
5794972	434192
5794978	1777505
5794981	1777505
5794984	1930917
5794987	2688202
5794989	2688202
5794996	23452
5795001	265501
5795005	5367229
5795010	5323830
5360914	5314116
5795016	5269902
5795023	60712
5795025	3733699
5795027	5509165
5795032	20373
5795036	911205
5795039	1311406
5795051	5269891
5795052	5269893
5795061	2250453
5795339	5269876
5795359	5269877
5795361	5269879
5795362	5269859
5795366	2271339
5795367	2271339
5795368	1658554
5795372	5269837
5795373	5269840
5795375	5269831
5795765	5790513
5795768	5791091
5795773	5791136
5795775	5791126
5795791	5791346
5795795	410769
5795798	274291
5795801	30126
5795803	265500
5795805	72433
5795806	2249666
5795810	2245301
5795811	2245301
5795812	2245319
5795813	2245216
5795815	2245503
5795816	2245333
5795818	2245181
5795820	2245309
5795821	2245583
5795822	2245300
5795823	2245349
5795825	2245354
5795826	2245370
5795827	2245372
5795829	2244989
5795830	2245022
5795833	1889727
5795835	5791562
5795837	5269835
5795840	5269823
5795848	5269824
5795851	5269828
5795852	5269817
5795857	5791561
5797494	5267314
5797496	5266034
5797621	5266035
5797622	5266037
5797624	5266038
5797625	5266039
5797627	5266031
5797629	5266032
5797631	5266026
5797638	5266028
5797639	5266029
5797642	890320
5797646	5265471
5797648	5265478
5797649	5265480
5797650	5265483
5797651	5265485
5797657	5265486
5797661	5265426
5797662	5265427
5797664	5265432
5797668	5265308
5797669	5265308
5797673	5265309
5798410	5264594
5798470	5791141
5798478	2250041
5798479	2675756
5798491	3232272
5798496	273864
5798497	273864
5798500	1648882
5798502	2276130
5798504	3374722
5798505	3374722
5798506	3374722
5798508	251813
5798509	255888
5798522	277624
5798523	280610
5798525	1141108
5798526	1141108
5798529	1651531
5798532	1740365
5798535	2121207
5798537	4311004
5798538	299284
5798539	1092490
5798541	1665540
5798542	1685712
5798544	1741625
5798545	4025271
5798546	1300
5798548	1719039
5798935	5798936
5798938	5798939
5798941	5798944
5798955	5798956
5798966	5798968
5798973	5798974
5798975	5798976
5798979	5798980
5798987	5798988
5798993	5798995
5798999	2093428
5799001	3642451
5799011	795416
5803864	298856
5803865	22471
5803869	276704
5803886	5799537
5803888	5799544
5803900	5799545
5803915	5803916
5803968	1887125
5804523	273674
5804528	5264596
5804534	5695919
5804536	5791102
5804555	40682
5804800	5264597
5804870	5264572
5804871	5264577
5804872	5264559
386773	5264559
5804873	5264560
5804876	5264562
5812201	5812053
721212	5927048
5921047	5901342
5921048	5899636
5921049	5899636
5921052	5899605
5921057	5883163
5921058	5881924
5921060	5881887
5921062	5881805
5921065	5881675
5921065	5881676
5921067	5878893
5921076	5877287
5927038	373403
5927041	5927042
5928563	5928564
5928565	5928566
5928571	2981455
5928575	5928573
5928583	5928582
5928585	2246932
5928588	1112466
5928589	3342695
5928597	336509
5928601	792347
5928602	503551
5928607	5928606
5928644	1744
5928667	2291
5928704	2284
5928708	1857
5928715	2722185
5928717	2840524
5928718	1036005
5928719	2722185
5928720	515185
5928723	41067
5928727	3080644
5928732	665552
5928734	665552
5928737	690971
5928768	2137
5942689	26460
5942690	37899
5942692	56209
5942698	264189
5942699	303290
5942704	373241
5942708	487827
5943323	719207
5943348	1104705
5943350	1522368
5943355	1840412
5943357	1920825
5943362	2042615
5943364	2111676
5943368	2210076
5943371	2359835
5943377	5943376
5943379	2540336
5943386	250500
5943388	3070066
5943391	3618617
5943394	5664664
5945618	393812
5946157	5946156
5946160	5946159
5946665	5946664
5946668	3628785
5946671	5946670
5946683	5946682
5946693	5946692
5946696	5946695
5946698	422961
5949011	2594021
5949121	462578
5949129	51431
5949176	5949177
5949187	1747
5949198	303912
5949201	3408148
5949202	2405872
5949203	1888399
5949206	4663185
5949207	4704216
5949208	4828688
5949210	2882528
5949213	4593701
5949216	2276328
5949218	4529648
5949221	1073552
5949224	1345237
5949227	4629312
5949228	4629312
5949236	2645459
5949237	2015242
5949239	2015242
5949241	3008806
5949248	4486535
5949252	4987217
5949255	4917611
5949256	4917611
5949257	4300736
5949261	2361382
5949268	1040198
5949274	4638451
5949275	4638451
5949277	2016646
5952416	326636
5953333	5953334
5953335	5953334
5953337	5953336
5953338	4987208
5953677	5937743
5953678	5937741
5953679	5937740
5953680	5937739
5953685	5937737
5953686	5937736
5953690	5953691
5953705	5953703
5953706	5937731
5953709	5937730
5953713	5937719
5953714	5937718
5953717	5937717
5953718	5937716
5953719	5937716
5953721	5937715
5953722	5937714
5953730	5937713
5953734	5937706
5953738	5937703
5953740	5937696
5953743	5937694
5953748	5937688
5953752	5937683
5953761	5937695
5953762	5937735
5968685	5967721
5968686	5967721
5978214	3861611
5997814	1387022
6005111	2196905
6005112	2196906
6005113	19908
6005117	1542551
6005118	524051
6005119	245563
6005120	245563
6005122	402599
6005124	402599
6005125	402599
6005127	5259234
6005129	2699344
6005130	2358896
6005131	1114924
6005133	3721279
6005134	2355
6005136	2091147
6005137	252850
6005138	249454
6005139	4490589
6082043	4550340
6082050	27259
6082057	4717491
6082063	6081929
6082068	24685
6082072	950656
6082073	950656
6082076	3195488
6082079	2396067
6082080	2396067
6082081	2396067
6082083	5313617
6082097	269408
6082103	2692364
6082104	2692364
6082242	1025455
6082283	5241607
6082284	5241606
6082290	253854
6082294	308451
6082303	66803
6082308	38464
6082312	57130
6082313	1651
6082322	18073
6082326	289072
6103436	895660
6103442	266417
6103456	3583271
6103457	2718627
6103461	2040566
6103462	1140188
6103463	4168400
6103465	2380436
6103467	38533
6103468	4525577
6103468	4525578
6103468	4525579
6103470	2512952
6103474	58313
6103476	1211488
6103481	24655
6103485	2811838
6103488	2451628
6103503	619636
6103511	4254977
6103513	4922933
6103515	253464
6103527	2944785
6103531	64718
6103531	2282020
6103533	2281886
6103539	1869894
6103541	2735689
6103547	3057786
6103554	2711778
6103562	30621
6103574	4717651
6106571	6106388
6106572	6106376
6106573	6106370
6106574	6106366
6106575	6106360
6106577	6106351
6106580	6106341
6106581	6106334
6106582	35234
6106582	6106332
6106584	6106017
6106585	6106014
6106587	6105976
6106590	6105904
6106592	6105902
6106593	6105900
6106594	6105857
6106785	6104928
6106828	6105610
6106841	6106840
6106893	6104819
6106906	2686132
6106909	2268
6106944	6104492
6107035	6107036
6107085	6104482
6107104	6107107
6107119	536128
6107131	6104476
6107132	6104474
6107135	6104468
6107137	6104465
6107137	6104466
6107140	6104464
6107149	6104462
6107152	6104459
6107154	6104461
6107157	6104458
6107160	6104454
6107161	6104450
6107167	6104449
6107233	3524759
6107238	4442333
6107244	3769699
6107247	3769699
6107254	6107253
6107277	6104437
6107301	6127114
6107349	6107351
6107356	5937654
6108417	3549070
6108422	6104433
6108424	6108306
6108425	6104416
6108427	6104415
6108428	6104414
6108429	6104413
6108430	6104407
6108431	6104405
6108432	6104404
6108433	6104401
6108434	6104398
6108435	6104397
6108437	6104190
6108442	51897
6108442	6102762
6108443	24674
6108445	896033
6108448	3274454
6108452	1886494
6108453	1886494
6108455	1886494
6108458	4717526
6108461	3994465
6108462	4717538
6108466	6102741
6108468	6102435
6108469	6102434
6108470	6102432
6108471	6102428
6108472	6102427
6108473	595288
6108474	6102425
6108475	6102388
6108481	6102584
6108591	6101657
6108592	6101296
6108593	6100241
6108594	6100143
6108596	6088313
6108597	6043784
6108598	6100153
6108599	6043807
6108600	6043482
6108601	6043720
6108602	6088358
6108603	6103660
6108604	6086070
6108605	6069630
6108606	5921351
6108607	6088399
6108608	5913231
6108609	6101317
6108610	6101320
6108611	6101321
6108612	6101324
6108613	5921293
6108614	6101484
6108615	6101389
6108616	5866604
6108617	5913214
6108618	5913244
6108619	5913279
6108620	5913271
6108621	5913269
6108622	5913241
6108623	5913262
6108624	5913261
6108625	5913259
6108626	5913257
6108627	6099643
6108628	6088449
6108629	6097090
6108630	6018553
6108631	6097481
6108632	6043646
6108633	6044099
6108634	6033741
6108635	6043654
6108636	6058061
6108637	6041970
6108638	6097441
6108639	6067478
6108640	6097366
6108641	6033713
6108642	6100200
6108643	6076793
6108644	6103699
6108645	6106766
6108646	6106763
6108647	6103810
6108648	6103809
6108649	6103807
6108650	6103801
6108651	6103800
6108652	6103799
6108653	6103798
6108654	6103794
6108655	6103792
6109455	6102585
6109467	6100091
6109468	6099518
6109470	6099459
6109471	6099408
6109472	6099389
6109473	6099364
6109474	6097445
6109475	6097406
6109482	2111560
6109484	433592
6109485	2646763
6109486	2518522
6109487	3199822
6109490	36442
6109491	2876835
6109493	2387296
6109494	2387296
6109496	2221098
6109499	4833513
6109500	2111561
6109504	914065
6116629	72016
6116630	72016
6116672	6116674
6116689	3195515
6116692	329621
6116714	2670830
6116716	1886318
6116807	251102
6116836	1655641
6116839	6116840
6116844	6106202
6116851	2630272
6116908	2299530
6117041	6117043
6118054	6118053
6118059	6118058
6118061	6118060
6118063	6118062
6118066	3061928
6118378	6118377
6118386	6118385
6118856	6118855
6118859	6118858
6118861	6118862
6118861	6118863
6118870	326388
6120113	6104443
6120115	6104442
6120117	6104440
6120121	6099145
6120122	6099143
6120123	6099137
6120124	6099137
6120127	6099128
6120128	6099127
6120129	6099126
6120132	1183871
6120134	6096960
6120136	6098974
6120962	6104417
6127073	5743783
6127081	6095213
6127082	6095203
6127083	6095186
6127088	5687925
6127093	6095148
6127095	6095141
6127100	6095137
6127101	6095134
6127103	6095133
6127106	6095130
6127107	6095130
6127115	6095127
6127116	6095111
6127117	6095110
6127119	6095109
6127120	6095108
6127126	6095102
6127127	6095099
6127128	6095098
6127130	6095096
6127132	6095093
6127137	6095092
6127138	6095091
6127143	6095089
6127144	6095089
6127145	6095089
6127148	6095089
6127149	6095089
6127151	6095089
6127153	6095089
6127154	6095089
6127157	6095089
6127159	6095089
6127161	6095089
6127177	6095067
611602	387411
1404375	6110
4544305	6152061
6318051	298874
6318052	298876
6318054	298877
6318055	298878
6318056	298879
6318061	298882
6318064	298885
6318067	298886
6318072	298887
6318073	298888
6318074	298890
6318078	298891
6318080	298893
6318084	298894
6318087	298895
6318088	298896
6329741	296733
6329742	296734
6329743	296735
6329744	296736
6329745	296737
6329746	296739
6329747	296740
6329748	296743
6329749	296744
6329750	296745
6329751	296746
6362124	19492
6362125	997236
6369788	6369787
6369794	2171232
6371311	6371312
6380122	6380103
6403000	6403012
5739188	6403741
386769	5157683
4778571	6403746
4329760	6403748
4329747	6403749
4322131	6403750
4322115	6403751
4322100	6403753
4320416	6403754
4320379	6403756
4320287	6403757
4318424	6403761
2479126	66133
2479120	6403782
2479087	55520
2479074	6403784
2227425	6403785
1531746	434410
1531472	6403786
1530768	6403787
1530741	6403788
1404373	6403789
1324915	6403790
1240124	6403791
1081074	6403792
1079314	6403793
1079294	6403794
6116861	6403804
5952415	6403805
385658	6403806
387612	6403807
461585	6403808
472919	6403809
392321	6403810
1069473	6403811
1069193	6403812
1069134	6403813
1068947	6403814
385594	6403815
385617	6403816
692074	6403817
466421	6403819
386741	6403820
382494	6403822
661173	6403823
577484	6403825
6403828	6403829
6403830	6403831
6403832	6403833
6410387	6335738
6417598	4798932
6420005	4597874
6420007	4530031
6422950	3171240
6424015	2756525
6457950	6457949
6457955	6457954
6457981	6457979
6466583	6466585
6467266	3689257
6467304	712962
6467305	562332
6468558	25125
6468567	1530799
6474249	2921281
6474250	6474251
6474252	6474253
6474254	1894373
6474255	3821514
6474256	3658408
6474257	386694
6474258	4770663
6474259	2352987
6474260	2245810
6474261	2245810
6474262	2193577
6474263	6474264
6474294	4463702
6474297	244407
6474299	6474300
6474308	6474311
6475100	289261
6475104	623565
6475105	623565
6475107	273774
6475109	314958
6475116	2111954
6475117	2111954
6475118	19823
6475152	1365373
6475164	2203900
6475167	2020893
6475170	665529
6475183	278308
6477245	6477239
6477718	6477717
6477719	6477717
6477759	24252
6477760	315436
6477761	1570746
6477762	1725289
6477768	6017285
6477776	6477778
6477806	3736584
6477807	3736584
6477808	3736584
6477812	6265012
6477942	2840097
6477956	6477957
6477968	1484168
6477969	2360979
6477971	2961500
6477977	6477979
6478467	6478469
6478493	4150454
6478496	6478497
6478499	6478498
6478504	6478506
6478508	3596560
6478511	3390212
6478524	6478526
6478542	2353003
6478549	2529952
6478562	541358
6479096	2640236
6479097	3396579
6479113	6479112
6479114	6479112
6479115	6479112
6479116	6479112
6479117	6479118
6479127	25108
6479151	49371
6479165	272202
6479169	539602
6479171	2774084
6479191	2674383
6479192	6479193
6479217	6479220
6479218	6479222
6479295	6479294
6479296	6479297
6479298	1664333
6479301	6479303
1530724	65045
6479605	2794336
6479763	2402205
6479856	34760
6479873	6479888
6479893	6479918
6479931	6479958
6480661	6480660
6480662	2240998
6480663	1064509
6480665	5851266
6480681	6480682
6480683	6480684
6480688	63000
6480689	953085
6480691	954339
6480882	1555734
6480883	276121
6480884	4635432
6480887	2489035
6480918	1691778
6480919	40228
6480920	40228
6481241	6481242
6481244	2248420
6481245	6481246
6481249	724395
6483544	6483543
6483545	6483543
6484984	3202697
6484986	6484987
6484988	6484987
6484992	1448317
6484994	1448317
6484995	1448317
6484996	6484997
6484999	6485000
6485001	2548714
6485002	3722000
6485003	5204255
6485007	4748503
6486909	758521
6486910	551443
6487503	51874
6487504	272460
6487507	588968
6487508	1509573
6487509	1806392
6487510	3256365
6487511	3631601
6487512	47747
6487513	687574
6487515	5170572
6487516	6256340
6487518	687568
6487521	3823925
6487523	6247607
6487562	2389887
6487563	602918
6487564	73237
6487565	5519445
6487573	6487574
6487582	2645101
6487597	6487598
6487607	285887
6487608	3818615
6487609	821954
6487611	6487612
6488761	6045678
6488766	5754848
6488864	308662
6489024	2301940
6532467	4012485
6532469	4248311
6532475	6532476
6532499	2367866
6532501	2063232
6532502	2193576
6532505	2112234
6532533	2112233
6535210	6535200
6535883	6401575
6535888	6401581
6539129	3750486
6539130	21538
6539140	4950737
6539199	6539200
6539212	6539210
6539230	2481183
6539231	5757995
6539232	2111552
6545225	687394
6545226	687394
6545227	402063
6545228	402063
6551559	6551561
6551753	6484810
6551754	6539708
6551755	6381577
6551756	5820638
6551757	5907407
6743191	6743189
6743192	6743187
6743193	6743188
6743194	6743184
6743195	6743185
6743196	6743186
6743197	6743183
6743198	6743182
6743199	6742816
6743200	53450
6818644	6818645
6829966	6829967
6843054	6843055
6843063	6843064
6845428	6845429
6852087	6852090
6852239	17595
6852241	319590
6854297	6854298
6854299	6854300
6854344	5868109
6866769	6866770
6873548	735883
6895019	6895020
6895025	6895020
6895026	6895020
6909107	2091213
6910795	6910794
6935011	6935010
6941788	6941789
6941791	6941793
6944688	6944687
6944690	6944689
6944706	5973385
6944707	6582658
6944716	33667
6944732	2841456
6944736	4153195
6944760	6256589
6944762	33048
6944844	6944849
6944846	6944851
6945977	6945930
6947672	2969603
6961841	6961255
6961842	6961449
6961847	6961264
6961849	6961264
6961852	6961240
6961864	6961081
6961866	6961082
6961871	35586
6961874	6961092
6961875	6961094
6961879	6961104
6961880	6961122
6961881	6961125
6961883	6961128
6961885	6961134
6961886	6961137
6961887	6961139
6961890	6961143
6961892	6961014
6961895	6961006
6961897	6956601
6961898	6961001
6961903	289110
6961904	289110
6961910	6960976
6961911	6900306
6963691	1999924
6966456	1812739
6973996	6973995
6976632	4496824
6981913	6082910
7003160	7003159
7004945	7004948
6116856	6116857
7009344	38381
7009354	289153
7009356	289153
7009360	54758
7009362	1448124
7009370	2271762
7009372	2314989
7009425	3917149
7022352	7022350
7031998	682470
7032006	21467
7032008	253131
7032010	256461
7032017	308070
7032019	678009
7032020	682103
7032038	1096296
7032051	1225576
7032053	1636080
7032055	2253261
7032056	2276173
7032057	6870053
7032059	2359180
7032060	2362173
7032063	2661871
7032064	2661871
7032065	3122651
7032069	3310897
7032069	6874140
7032070	3360550
7032072	3454111
7032074	3513533
7032076	3565071
7032081	5420488
7032081	2006484
7032082	5856480
7033621	390011
7034040	276998
7035051	319845
7035099	322773
7045360	321501
7045382	4132221
7045388	4784045
7045390	5370369
7045392	5753370
7045394	5858500
7045405	64203
7045409	242194
7045411	244194
7045412	57562
7045418	315801
7045422	689882
7045427	774033
7045431	4012500
7045433	5380231
7045434	5843715
7045440	6438357
7045441	6228298
7045615	5679055
7045617	6096319
7066644	26920
7066648	3907086
7066654	6062295
7066656	6476604
7066658	6655432
7066659	6906117
7066661	7027999
7066663	1042623
7066666	3114438
7066668	3330354
7066674	4011512
7066678	7035398
7066682	57070
7066687	244285
7066691	264800
7066694	275240
7066696	1244973
7066697	1433086
7066698	2273596
7066699	3133216
7066704	5280509
7066717	4011512
7074090	17713
7074094	36292
7074095	62994
7074096	296948
7074097	296948
7074098	456011
7074105	2952395
5734091	284463
388370	6872925
424986	3944049
1954438	7558277
5763153	7653903
5359833	7712698
422040	7784954
470462	6849321
395205	3311055
589836	6874115
5797629	2322
612002	255656
422030	7810479
433551	7826853
7832865	5933810
7832866	6074172
7832878	279879
7832879	4889474
7832880	1953088
7832883	2009630
7832886	1855107
7832891	3533756
7832893	2953840
7832895	3200375
7832898	3633715
7832903	4014886
7832906	4995328
7832908	436757
7832912	3150809
7832916	5203302
7832919	3859829
7832921	2308105
7832923	6870345
7832931	7136791
7832932	954072
7832934	2375952
7832935	6232081
7832936	7438174
7832938	6234448
7832939	7393193
7832941	28943
7832942	2592858
7832943	3915316
7832945	24705
7832949	5854702
7832954	5378977
7832957	706797
7832959	3054952
7832960	3580991
7832961	3619438
7832962	5640475
7832964	247265
7832965	315836
7832970	6427818
7832973	2254539
7832975	870657
7832976	2214692
7832981	388710
436026	2644214
619471	7868749
793852	7873932
393372	3687319
475391	954582
764057	3738105
1570043	473587
5355317	243724
7909685	3226600
7909687	3329488
7909689	6246935
7909696	5936624
7909702	7516243
7909716	6045794
7909717	6107754
7909731	395695
7909734	1305744
7909743	1395487
7909749	3393046
7909751	4664682
7909764	2826267
7909769	5088445
7909775	1243535
7909781	1970260
7909782	3733644
7909783	73009
7909784	2644183
7909788	1650674
7909790	7397260
7909798	281553
759700	3856063
7983785	2931018
7986164	3402142
7986194	56381
7986204	3910711
7986219	321556
7986226	5852977
7986232	69892
7986233	3327487
7986234	3327487
7986242	939163
7986242	6335732
7986242	6335733
7986243	5252523
7986248	6469345
7986250	6469345
7986254	7028367
7986257	257754
7986261	1365693
7986272	3769482
7986273	3910553
7986278	7859127
7986309	1843540
7986318	675000
7986319	674867
7986321	518315
7987783	385378
7987787	6133
7987792	318199
7987809	504612
7987811	6726858
7987813	539796
7987816	1664269
7987822	19048
7987826	301588
7987852	1507488
7987854	5732923
7987857	1740651
7987860	4499503
7987868	27648
7987871	32864
7987872	324483
7987873	432741
7987880	863698
7987881	1751977
7987882	1890947
7988131	268765
7988138	795246
7988150	433859
7988152	433859
7988153	433859
7988168	66544
7988171	2144674
7988181	1495840
7988185	4864530
7988188	823527
7988205	4717665
7988211	3702230
7988224	4564210
7988236	1892806
7988240	398976
7988246	7829871
7988257	2665143
7988271	2292356
7988272	4402969
7988279	6530196
7988280	7114496
7988282	7268213
7988284	7402574
7988285	256515
7988287	4915776
7988288	274539
7988289	1096194
7988290	1887298
7988292	1021038
7988292	464478
7988294	6227461
7988295	6233957
7988297	6740419
7988298	6965895
7988300	2011326
7988309	391069
7988313	2948220
7988315	3071151
7988316	3071151
7988317	4806595
7988324	6241159
7988328	6659763
7988329	6713352
7996100	1954886
7996104	4011941
7996105	5831950
7996109	1024856
7996110	4922071
7996114	6873137
7996117	46218
7996119	4662695
7996121	6709332
7996122	316782
7996124	1334388
7996125	1970239
7996126	4150000
7996126	28574
7996126	7197058
7996154	7996155
7996157	26159
7996165	239570
7996172	1570537
7996176	2840147
7996177	3392945
7996185	274758
7996186	2664385
7999332	7999333
7999704	2546784
7999709	3970689
7999717	254053
7999723	2568788
7999725	6343141
7999878	306669
7999880	1454316
7999883	6614582
7999897	2737426
7999904	3099065
7999912	1897751
7999921	6130539
7999922	2069250
8008316	8008317
8036063	8036060
1385520	8180092
1385222	8180093
7999364	8180097
469445	8242197
8326222	8323319
5374523	1416883
5374523	27224
8338236	8338234
1531629	349064
1531629	3378136
8645745	256849
8645746	3825948
8653260	8653263
8653275	8653276
8674298	8674257
8729843	8729846
8729879	8729882
8729896	8729898
8729956	8729958
8729960	8729962
8729999	773323
8760344	8760346
8760352	8760353
8760360	8760361
8762779	8762780
8762782	8762785
8762787	8762790
8764057	661066
8764064	8764066
8764077	8764083
8764167	8764169
8766922	8766923
8766927	8766929
8766939	8766943
8766972	8766974
8766988	8766992
8767011	8767014
8767026	8767034
8767185	416856
8767203	5132845
8767440	2819645
8770099	8770100
8770107	8770108
8770111	8770114
8770134	281794
523928	8770149
385613	8770150
1069205	8770151
1531669	8770152
6469325	1886591
2241846	8770154
506852	3703243
506852	4755379
1068845	282199
386296	8770156
386296	8770157
7853638	8770160
393210	8770161
1530705	8770162
8771909	8771910
8771916	8771917
8772100	8772102
8875117	8875118
8875125	8875126
8875134	8875135
8875144	8875146
8875171	8875172
8875176	8875177
8875183	8875185
8881098	289949
8891836	1025841
8891841	2169358
8891845	3281707
8891847	5678436
8891848	6223207
8891851	6244395
8891856	6888944
8891858	7170706
8891954	8891962
8891963	8891969
8891972	8891973
8875068	8891976
8938616	8938617
672820	8962601
418560	281504
9084363	5189014
9084397	895849
9084415	31015
9084417	8115500
9084419	7485236
9084420	7485236
9084421	7444593
9084437	2013475
9084461	283899
1399753	289224
1399753	1492926
9155491	7885837
8891858	6662884
402511	9344525
402511	9344527
9401166	7403948
4464867	19319
7988305	9471999
9535743	465502
9535748	5001444
9535776	9533949
9535798	9533953
9535808	9533762
9535827	9531513
9535830	9531988
9535838	6888944
9535841	8875126
9535863	9400122
9535975	6145760
9536013	6146547
9536031	6146169
9536279	9501278
9536280	9501251
9536281	9501246
9536282	9501265
9536283	9501229
9536285	9501232
9536289	9501221
9536290	9501220
9536293	9501199
9536297	9501202
9536304	9501197
9536305	9501191
9536307	9501194
9536309	9501186
9536310	9501184
9536311	9501184
9536311	9501185
9536310	9501185
9536314	9501175
9536316	9501167
9536317	9501171
9536318	9501171
9536319	9501172
9536320	9501170
9536321	9500873
9536005	906742
9541300	9500721
9541304	9500825
9541309	9499304
9541315	9499307
9541320	9499348
9541325	9499186
9541335	9499314
9541363	9499114
9541386	9499062
9541391	9499107
9541398	9498540
9541401	9498472
9541411	9498277
9541422	9498220
9541449	2249454
5792961	9540326
9547018	1211533
9547019	9500977
9547020	9500311
9547021	9500460
9547022	9500493
9555847	36694
9555853	238093
9555861	9555864
9555868	2021193
9555888	62640
9555913	64192
9555935	328553
9555937	3825330
9555957	1560192
1895532	259524
9585097	9585096
9585376	9585370
9547021	9601640
389884	9662713
415943	1042307
415943	1042308
415943	2949789
9679200	9679204
9684716	9684718
9684713	25450
4534029	9694312
2687917	9872123
9954897	432291
9954901	881771
9954903	9954902
9954957	5165041
9955033	1210534
9955036	8084815
9955392	8610737
9955401	9955397
9955406	9955403
9955415	3508914
9955477	9955475
9955480	3500611
9955488	431822
9955491	257131
9955498	6223272
9955504	4354193
9955568	2377494
9955574	2510774
9955578	2418922
9955578	1745364
9955585	9955584
9955812	9955799
9955823	9955799
472928	9955946
9956605	9956597
9956854	9956849
9956858	9956849
9956859	9956849
9957386	5825258
9961267	5758512
9961269	1585488
9961274	2537037
8767164	869399
8225804	3912822
6479949	9982292
4778574	9982317
4778574	9982318
4320411	9982337
4320411	9982338
9982492	25930
1535757	742806
4544229	2272746
4676016	2215659
6467266	258713
382485	349064
382500	5126128
1070494	495184
1393443	29049
8223095	9982507
8223095	9982508
8223095	9982509
2479118	1577660
6116859	9982543
9983844	3825960
9983845	2272401
9983848	3273598
562046	321154
1466947	3717844
5360901	10098187
10120920	10120906
9961272	10131708
2479125	10131709
10139229	10139194
9961272	10139378
2479225	64233
617596	10169245
382498	338182
6402729	338182
4646183	10261126
840818	10286261
4973846	10287596
10319763	10319765
5735083	679375
6410387	6335739
394251	1454446
1068783	10584145
4322089	10584163
10645845	7887332
10645847	5788311
10645850	7165132
10645852	3001740
10645853	7173279
10645856	7382257
10645857	7149304
10645858	7437548
10645860	247270
10645862	247271
10645864	247272
10645871	247275
10645873	247276
10645874	247277
10645876	247278
10645877	247279
10645880	247282
10645881	247285
10645882	247287
10645883	247288
10645891	65077
10645911	42098
10645910	54784
10645907	2777841
10645906	6777214
10645901	15859
10645901	2219904
10645898	500293
10645895	65077
10645892	65077
10645926	262733
10645922	52268
10645918	69186
10645915	816059
10645939	254738
10650625	248365
10650629	2033826
10650630	3936434
10650631	6821837
10650632	681248
10650633	8219397
10650634	6529007
10650635	493924
10650636	9890919
10650637	10575240
6108480	10719643
840818	62773
10738265	10738257
10749942	10749944
10749957	10749958
10756024	10756020
10756028	10756025
10757343	10757345
10758978	10758979
10758985	10758986
10758990	10758991
10758995	10758996
10759917	10759916
10759985	10759984
10759963	400191
10761774	10761775
10761845	10761846
10761989	10761990
10762128	10762129
9536317	6799016
9536317	6799017
10768673	10768671
10798146	10798147
10798156	10798159
10798164	10798166
10798169	10798170
10801377	8729962
1361807	7186129
10851498	10851502
10851715	6743187
10851721	10851609
10851739	10851443
10851742	10851424
10851749	10851218
10851754	10843898
10851755	10843888
10851756	10843880
10851762	10843848
10851764	10843829
10851767	10841676
10851770	10841673
10851772	10840944
10851780	10832805
10851782	10838644
10851786	10830223
10851812	10819691
10873412	818087
10798211	10871940
4587853	10900672
10900731	10900732
10645913	10905566
10910792	10910794
10910814	10910815
10981214	10981215
10981220	10981223
10981233	10981235
11060884	8359507
11060893	11060886
11071704	11071708
11071734	11071737
11071770	6265578
11071803	11071806
11073296	5206818
11073300	3777895
11073305	954196
11073309	7954054
11073316	6305826
11073321	4121183
11073329	721523
11073339	7196363
11073346	10065889
11076322	3908346
11077626	11077622
11132677	11132680
2087082	11274718
419263	727812
11746075	7407543
11746074	4064429
11920897	9611268
11921589	51492
11921594	6382933
11921595	7120679
11921596	8365544
11921597	4016911
11921598	8369625
11921599	6351427
11921600	8382789
11921601	6439616
11921603	11737346
11921605	8931111
11921608	8258706
11921611	6425238
11921614	2647739
11921615	6242808
11921618	3202388
12027496	11679045
12027497	10359751
12027498	2763420
12027502	11957750
12027508	8349443
12030391	9949783
12030392	68493
12030393	8341099
12030394	6529550
5374523	12024685
12030400	11030269
12030401	6337844
12030402	7168299
12053166	6263960
12053172	3185869
12053184	10952102
12053189	11812631
12053192	7380659
12053195	10216642
12053203	243194
12053208	10974443
12053219	9440571
12053227	9379436
12053232	3411009
12053239	11817116
12053244	7538379
12053248	9192258
12053255	4132837
12053263	2928015
12053266	4846666
12053268	8643611
12053281	3749196
12053285	247917
12053288	6440142
12053292	10234861
12056881	12056851
12056882	12056845
12056883	12056842
12056887	12056859
12056889	12056825
12056890	12056824
12056891	12056804
12056892	12056790
12056893	12056786
12056894	12056773
12056895	12056751
12056896	12056702
12056897	12056715
12056898	12056716
12059865	4012138
12059868	6616536
12059871	5289456
12059873	8938865
12059875	5346172
12059876	8170467
12059877	6245238
12059878	11703517
12059879	8441001
12059880	10782163
12059882	7048689
12059883	4057627
12059885	6634488
12059890	11667647
12059894	11583530
12059898	55449
12059900	11023269
12059902	6425379
12059903	2255235
12059905	260835
12059906	10102340
12059908	8983711
12061585	6339922
12061589	2258148
12061598	3678292
12061601	7168421
12061607	2664385
12061621	1009258
12061628	7681636
12061631	10726056
12061637	3725014
12061657	10276632
12061665	4015739
12061667	6868933
12065342	3130840
12065344	4073338
12065346	3822458
12065347	3129858
12065348	1848875
12065350	2978043
12065351	3826931
12065352	1543667
12065353	6119177
12065356	11370266
12065359	5942163
12065361	3258969
12065362	5308262
12065366	2537772
12065370	10794638
12065376	8390609
12065378	2852221
12065381	8928815
12065384	9983887
12069059	68446
12069061	46921
12069064	10711110
12069069	7126863
12069084	250621
12069087	8013611
12069090	8884636
12069092	5623956
12069093	5547948
12069096	5851172
12069100	11464993
12069101	9257479
12069104	11066159
12069105	270342
12069125	4013617
12069135	7516768
12069137	63212
12069141	2405873
12069143	11960998
12069144	11377755
12069146	3726059
12073400	6271938
12073401	5013076
12073402	1821
12073403	3395904
12073405	8773296
12073406	2064878
12073407	9021702
12073410	2301437
12073411	7849377
12073413	10276614
12073414	2952466
12073415	7183047
12073417	9406793
12073418	8375380
12073422	63409
12073426	844712
12073428	7438085
12073429	8795651
12073431	464214
12073434	2362090
12073438	9408808
12073441	10527411
12073446	10511662
12073450	3093044
12073463	6910075
12073466	7406595
12073468	3129257
12073473	252100
12077957	2946782
12077958	9892003
12077959	847131
12077960	2046866
12077961	2380458
12077962	5860537
12077963	3737701
12077965	11512301
12077967	240397
12077969	1221354
12077970	10754696
12077972	2548718
12077973	57201
12077974	3821106
12077977	6241952
12077978	3825848
12077981	535648
12077982	2358632
12077985	2540844
12077986	3910487
12077988	7464059
12077989	3762040
12077990	7505054
12080055	4492616
12080057	6064288
12080061	263086
12080070	8349544
12080071	8508370
12080077	11812620
12080080	680530
12080081	3075179
12080085	9729354
12080087	6124332
12080088	2372742
12080091	5096505
12080092	6474501
12080095	8541784
12080097	249394
12080099	9403364
12080102	4971278
12080104	3920558
12080106	7405662
2479147	12080252
11074486	12080255
2479147	12080257
12084919	7127222
12084920	6949645
12084923	9788557
12084925	8647298
12084926	3915417
12084929	8321582
12084931	8541368
12085092	3731198
12085094	8893016
12086679	8562959
12086683	9955644
12086684	6910007
12086685	608937
12086686	17787
12086687	7732169
12086688	7768563
12086690	8398306
12086691	3182051
12086692	7245602
12086693	2116326
12086694	3619278
12086696	2255402
12086699	4487162
12086700	3448832
12086701	10092849
12093372	9770474
12093385	7144022
12093390	5280478
12093399	10737836
12093400	7104335
12093402	7521747
12093413	6772195
12093414	7494424
12093416	9877829
12093417	3305351
12093425	2731128
12093430	301618
12093433	8232878
12093449	7310305
12095713	7977976
12095715	6239250
12095719	5858414
12095720	11095688
12095722	275771
12095723	2262794
12095725	8359854
12095726	2361828
12095732	7737117
12095734	245526
12095735	7173944
12095737	8091476
12095738	8285361
12095740	1256888
12095743	2005440
12095744	2346031
12095745	3600801
12095747	7473778
12097635	2255428
12097639	2006595
12097640	7475086
12097642	2265997
12097643	11571088
12097646	3903936
12097650	694494
12097651	5076943
12097655	11473804
12097656	8264565
12097657	2387829
12097662	7885826
12099543	2643393
12099544	8930826
12099545	2007867
12099553	1534361
12099554	277432
12099567	2951817
12099568	10023799
12099573	3097351
12099574	31155
12099575	392339
12099577	3915009
12099578	6868148
12099579	4700114
12099580	6339646
12099581	11953219
12099583	41972
12099588	2094791
12100091	5756781
12100092	3636012
12100093	800924
12100094	290709
12100095	6064966
12100096	10588929
12100097	6413271
12100098	8980463
12100099	11163466
12100100	11036972
12100101	2323
12100102	4013891
12100105	2561395
12100106	303283
12101317	7399709
12101318	28772
12101319	5902946
12101320	7287103
12101321	7770276
12101322	6357291
12101324	3049412
12101329	8610383
12101330	8361536
12101331	2956034
12101332	6427431
12101333	6263363
12101334	3636081
12101335	6661136
12101336	1242881
12101337	6627518
12107589	7180918
12107590	7521311
12107591	6982123
12107592	3915537
12107593	6870500
12107594	8403857
12107596	9809419
12107597	8820062
12107598	258137
12108263	7728154
12108265	9359585
12108267	5644434
12108268	12078980
12108271	3238940
12108272	6235694
12108274	3104226
12108275	285388
12108276	11729811
12108277	6731351
12108278	5845915
12108279	8855656
12108280	8438564
12108281	3308339
12108282	5134833
12108283	7543532
12108284	11867041
12108285	7182440
12109771	257600
12109773	6340279
12109774	5909993
12109775	7513756
12109776	1094724
12109778	261005
12109779	6246041
12109782	5073531
12109783	240590
12109785	388642
12109786	9001222
12109787	2302175
12109790	8527990
12109791	9342783
12109793	9351082
12109795	11563025
12112117	10270541
12112119	7963368
12112131	11935972
12112142	8212829
12112146	10959658
12112150	10696155
12112156	31490
12112161	11913356
12112167	5796976
12112170	250221
12112173	1809605
12112178	5429446
12112181	2645591
12112183	2645591
12112185	7475298
12112188	8094888
12117090	7416794
12117091	47201
12117092	7123601
12117093	8547295
12117094	10034138
12117096	245032
12117098	8391476
12117099	3872769
12117102	6244503
12117103	11602268
2217692	12117108
5221242	12117110
4322107	12117111
4646377	12117112
10900746	2892837
4320231	12117113
4320231	12117115
4320231	12117116
4320303	12117118
12133406	2646153
12133408	1572922
12133411	1566544
12133432	6902505
12133434	8477905
12133435	6696676
12133437	1665995
12133442	7171597
12133443	7167718
12133445	6274142
12133457	10740541
12133459	7123781
12133462	3251400
12133463	10283414
12133468	4811729
12133477	2623614
12133479	8575159
12133483	7407530
12133485	11129568
12133488	10616208
12133489	11636871
12133490	6525508
12133493	9704408
12133496	8300033
12133499	4969835
12133500	5102498
12133503	4663239
12133507	7735920
12133509	322504
12133512	587800
12133515	11231904
12134264	63710
12134266	1099626
12134267	7517380
12134269	7117251
12134270	5502538
12134272	7960143
12134276	11486749
12135898	3727876
12135899	12130194
12135902	11886403
12135903	8790704
12135909	299112
12135911	6265925
12135915	10616816
12135918	12067698
12135920	11194711
12135921	10131700
12135922	11979142
12135924	4121183
12135926	8340800
12135929	10241987
12154486	63593
12154487	6260816
12154489	7071744
12154498	2792313
502683	12259817
12276028	5852822
12276029	8964538
12276030	7367759
12276031	2265793
12276032	6402515
12276033	10177590
12276034	2922447
12276035	6351734
12276046	255356
12276047	10121782
12276048	6268999
12276050	8869495
12276051	9625675
12276052	3734917
12276053	8080492
12276054	8373410
12276055	3905350
12276056	3905066
12276057	2648207
12276058	3732751
12276059	5736380
12276060	10965458
12276061	2217696
12276062	7231634
12276063	9305768
12276064	6428543
12276063	12278123
12276062	12278124
12276060	12278125
12276057	416367
12276056	3905065
12276055	12278130
12276054	12278131
12276035	12278133
12276046	12278134
12276031	2451680
12276029	12278137
12154498	12278138
12154487	4360949
12154489	12278140
12154486	8392821
12135926	12278142
12135924	12278143
12135920	12278144
12135903	1920699
12135909	12278151
12135899	12278155
12134266	12278160
12134264	12278161
12133515	2006398
12133507	12278165
12133503	12278166
12133500	3917616
12133496	12278171
12133489	2230349
12133463	12278180
12133432	12278184
12133411	1895606
12117119	38938
12117096	2359929
12117091	12278202
12112178	2094819
12112170	12278207
12112156	12278210
12109785	288187
12109782	12278212
12109778	12278213
12108279	12278219
12108278	12278220
12108281	12278221
12108284	5858837
12108271	12278222
12108268	12278223
12108267	12278224
12108263	12278225
12107597	12278226
12108272	12278228
12278312	12278307
12278313	12278306
12278334	1493540
12278338	2109622
6196389	5837669
520146	477086
520146	5723530
3364529	6610945
6196386	11615905
6196386	12278386
6196386	1956354
6196386	1532901
6196390	36088
6196390	1542551
6196390	5366784
6196390	24940
6196393	373216
6196399	487006
6196402	4763460
6196402	12278396
6196405	8343273
6196408	325429
6196408	12278400
6196408	12278402
6196414	4625694
6196430	374568
6196431	433512
6196440	392296
9982492	1768349
9982492	3610824
9982492	1148335
382314	374827
382320	448645
382501	1876041
520147	477061
520147	7156649
746077	393357
1082815	12278421
1324055	1037169
1530738	415594
1586408	6744884
1586408	6902541
1692252	433468
1972501	462430
3364512	5278352
3364528	12278428
3364528	12278429
4778566	1897785
4778567	5723530
4826742	2233696
5221229	12278440
5221229	12278441
6196395	967876
6196400	12278449
6196400	12278450
6196401	430128
6196401	462430
6196406	30970
6196409	317830
6196413	4625687
6196415	12278469
6196415	1829639
6196417	6576798
6196419	12278474
6196419	12278475
6196421	430128
6196424	1126684
6196427	707129
6196429	375828
6196429	433517
6196436	967876
6196437	433468
6196439	651592
6196441	36419
6196441	3636463
6468558	38931
6485252	1937402
6485252	12278501
7988152	12278507
7988152	433680
8671403	12278508
12278576	12156025
12278578	12157208
12278580	12150991
12278587	12085369
12278589	12018792
12278593	11982744
12278116	12278114
12278112	1951450
12278355	12278349
12373637	12373598
12457678	5454819
12457679	2643724
12457680	6349238
12457681	7190455
12457682	3908539
12496908	12496909
12431370	321870
10777590	12496944
12044910	12496946
6465436	12496947
12496906	11294961
12496963	12496962
12550682	245789
12574513	12574515
12574699	12574707
12577466	12577472
12577958	12577959
12580564	12580571
12580562	12580579
12580660	11535754
12580558	311820
12580558	1188696
12580558	8539349
12597155	7493999
12597157	6350166
12597158	11046943
12597160	1547629
12597162	9494484
12597167	10123622
12597174	11016729
12604572	12604556
12606855	301858
12606856	12606857
12619898	12619909
12619898	12619910
12855178	12855185
12855192	12855196
12855199	12855203
12855207	12855209
12854545	12855220
12854546	12855226
12856080	12856081
12856068	12856084
12856085	12856086
12856088	12856090
12855229	12856096
12855230	12856099
12855234	12856121
12855232	12856128
12855231	12856135
12856145	12856146
12856149	12856151
12856157	1638261
12856165	12856166
12856167	1638261
12856175	12856180
12856182	12856180
12856171	12856190
12856204	12856207
12856210	12856211
12856219	12856220
12856215	12856221
12856234	12856235
12856237	12856238
12856242	12856243
12856291	12856292
12856295	12856296
12856807	12856809
12856808	12856812
12856817	12856818
12856821	12856822
12856828	12856833
12856837	12856838
12856842	12856843
12856847	12856848
12856853	12856859
12856854	12856865
12856873	12856875
12856879	12856889
12857824	12857825
12857830	12857831
12857972	12858119
12857992	12858123
12858496	12858501
12858497	12858504
12858507	12858509
12858508	12858513
12858597	12858663
12858594	12858664
12861779	953960
12863965	347743
12866488	1518802
12866490	1849495
12866491	3955392
12866492	4221693
12866493	4373923
12866494	5774048
12866495	6213021
12866496	6368008
12866498	6792945
12866499	6815740
12866500	6976069
12866501	7429317
12866502	7876492
12866504	7888316
12866505	8513360
12866506	7926633
12866507	10586360
12866508	10693892
12866509	10718754
12866510	10725133
12866511	11578500
12866512	11620177
12866513	12183618
12866514	12192412
12866515	12205085
12866516	12211168
12866517	12231868
12866519	12260085
12866520	12260218
12866521	12263098
12866522	12455906
12866523	12268757
12866525	12279552
12866526	12288149
12866527	12294400
12866528	704834
12866529	1570080
12866530	3752970
12866531	6622228
12866532	6817125
12866533	6128414
12866534	6212514
12866535	6991904
12866536	7675843
12866537	8014849
12866538	9401202
12866539	9709404
12866540	11612294
12866558	9374684
12866559	11759622
12866560	11765329
12866561	12147269
12866562	12162673
12866563	12168468
12866564	12179991
12866565	12186977
12866566	12210795
12866567	12215850
12866568	12236341
12866569	12240648
12866570	12247693
12866571	12250751
12866573	12260730
12866574	12285263
12866575	12286261
12866577	12362383
12866578	12490573
12866579	12856258
12866580	425534
12866581	3650989
12866582	4597396
12866583	5687532
12866584	6310889
12866585	6684386
12866586	6854953
12866587	6872507
12866588	6918462
12866589	6957971
12866590	6981848
12866591	7006033
12866592	7076702
12866593	7965833
12866594	7867658
12866595	7077130
12866596	7151869
12866597	7340219
12866598	7966823
12866599	8400251
12866600	8962662
12866601	10354515
12866603	10883575
12866604	10998486
12866606	11008241
12866607	11120945
12866608	11315787
12866610	11602662
12866611	11623834
12866612	11805656
12866613	11874712
12866651	12148828
12866653	12162607
12866654	12176192
12866655	12181611
12866690	12198606
12866694	12204809
12866695	12218390
12866697	12230164
12866698	12250071
12866699	12595119
12866700	597274
12866701	1223912
12866704	12267476
12866705	12268821
12866706	12273460
12866707	12363552
12866708	12292643
12866709	12289993
12866712	1743006
12866713	3651092
12866714	5215533
12866715	5287352
12866716	5825176
12866717	6211529
12866718	6211753
12866719	6310893
12866735	6478993
12866736	6606309
12866738	6792441
12866739	6916441
12866740	8098273
12866741	8307007
12866742	8497656
12866743	8723916
12866744	9373695
12866745	9686798
12866746	10346549
12866748	10825545
12866749	10948713
12866750	11017143
12866752	11021459
12866753	11477418
12866754	11597691
12866755	12158433
12866756	12181340
12866758	12183450
12866759	12193707
12866761	12209183
12866770	12231575
12866771	12231808
12866772	12235910
12866773	12240575
12866774	12246490
12866778	12261206
12866779	12269991
12866782	12271420
12866783	12272037
12866784	12275202
12866786	12433711
12866787	12589709
12866789	2092456
12866790	12282000
12866792	12286008
12866794	3849873
12866795	5880263
12866796	6104344
12866797	4538048
12866798	1482477
12866799	6212382
12866800	6616825
12866801	7004035
12866802	7741306
12866810	7009812
12866811	8277920
12866812	7153879
12866813	9373692
12872579	510318
12908160	32292
12908172	269984
12908173	411798
12908176	495180
12908177	12536888
12908178	12588688
12908182	12622991
12908184	12713496
12908188	12729548
12908192	12806400
12908193	12858899
12908194	12285272
12908196	12285388
12908200	12286288
12908203	12311429
12908205	12327359
12908206	12366639
12908207	12375965
12908209	12376095
12908224	12382560
12908225	12382574
12908227	12258892
12908229	12258918
12908230	12264126
12908233	12264258
12908236	12264544
12908241	12267062
12908275	12271974
12908278	12272372
12908302	12280534
12908304	12281321
12908306	12240403
12908307	12245904
12908309	12249622
12908310	12249675
12908311	12250941
12908314	12257004
12908316	12257316
12908322	12257427
12908323	12257840
12908340	12258735
12908342	12207806
12908348	12209338
12908350	12218088
12908354	12221864
12908355	12223901
12908357	12224128
12908359	12235823
12908360	12238094
12908376	12238183
12908381	12165530
12908382	12170243
12908384	12174059
12908390	12179727
12908392	12181481
12908394	12183429
12908397	12183438
12908400	12188697
12908403	12189656
12908412	12201614
12908444	12129017
12908450	12130929
12908452	12130947
12908454	12131062
12908455	12134944
12909014	10663656
12909015	8634470
12909019	8797636
12909060	7800215
12909077	10640423
12909078	10676317
12962841	12962851
13103974	11126318
13104036	10705278
13104038	10661523
13104120	10516128
13104121	9832149
13104122	9180707
13104123	8863887
13104127	6620331
13104129	5860169
13104130	5355299
13104131	5199466
13104132	1354965
13104133	12590732
13105916	12418058
13105917	11706231
13105920	10895030
13105922	10698304
13105924	10686768
13106137	10621015
13106138	10520478
13106139	10517626
13106140	3219174
13106141	11843633
13106142	10738705
13106143	10700436
13106145	10538968
13106146	10335847
13106149	10028976
13106157	8920010
13106159	8621231
13106161	7973287
13106162	12943140
13106163	10704707
13106166	10693885
13106172	10650465
13106173	10609157
13106174	10072002
13106175	7966799
13106176	6212668
13106177	3518367
13106178	12936433
13106179	11952025
13106180	11493540
13106181	10763079
13106182	10719582
13106183	10719565
13106184	10715772
13106185	10651523
13106186	10518796
13106187	10494911
13106188	10268626
13106189	7906826
13106190	7867657
13106191	7434347
13106254	12282063
13106257	12249702
13106260	12233367
13106263	12162661
13106264	12115362
13106268	12115347
13106269	11477325
13106462	10999756
13106463	10713861
13106464	6888709
13106465	12912208
13106466	10723760
13106467	7867750
13106470	7561210
13106495	10129397
13106499	6499580
13106500	8524911
13106501	307906
13106503	8015498
13106504	1933582
13106604	6359798
13106605	6212510
13107376	6212481
13107377	6211612
13107378	6211530
13107379	5287235
13107380	10704726
13107381	10688583
13107382	10490615
13107383	8857424
13107387	7868072
13107388	6211752
13107481	5529556
13107483	3712799
13107486	11035376
13107488	7966810
13107492	6310129
13107493	4418122
13107496	12933977
13107497	10698775
13107498	10696246
13107499	10582700
13107522	10559316
13107524	8597453
13107526	12904108
13107528	12554602
13107529	10532327
13107530	11640983
13107531	10470524
13107532	7966817
13107534	6211722
13107535	12415334
13107542	5514234
13107547	5215527
13107552	10708271
13107559	10698286
13107565	10678344
13107566	10724814
13107567	10711059
13107568	8877818
13107569	8609816
13107570	7882948
13107639	7867777
13107640	12882500
13107643	10963368
13107644	10963364
13107652	10715362
13107660	10478478
13107662	8035625
13107665	7491960
13107667	5663775
13107669	10528274
13107691	7867640
13107701	425074
13107704	12287472
13107708	11895408
13107728	10589708
13107735	7564590
13107739	6620782
13107740	6211794
13107742	13077931
13107744	12287477
13107795	13107682
13107799	13107681
13107803	13107680
13107806	13107517
13107812	13107516
13107814	13107515
13107818	13107515
13107867	10724743
13107870	10485178
13107876	10265756
13107877	6622263
13107880	6395955
13107883	11630558
13107884	11097484
13107885	10719160
13107886	6712723
13107887	6395974
13107905	10715733
13107908	7965387
13107910	11477327
13107911	5705240
13107912	3453654
13107913	13093271
13107914	10730293
13107915	10713930
13107916	11664567
13107917	7741373
13107930	11421280
13107931	10652836
13107932	10102152
13107933	10097492
13107934	7058400
13107935	6212479
13107936	6018399
13107937	3037829
13107939	11047975
13107941	10721832
13107945	13107900
13107946	7520664
13107947	8113262
13107991	6211789
13107993	12720567
13107996	10678693
13107998	5215429
13108003	10747716
13108005	10557691
13108008	6211825
13108012	10701132
13108016	10488869
13108062	13074957
13108063	12579469
13108064	11902423
13108066	8877708
13108067	6003112
13108069	10725060
13108070	9501157
13108173	6892060
13108175	10585394
13108176	8304425
13108357	7760891
13108360	3930716
13108362	11674963
13108366	11097332
13108388	3931032
13108391	10737994
13108392	6712701
13108394	12519409
13108398	12440669
13108400	10718863
13109030	7966797
13109035	4077501
13109037	12554605
13109042	10700462
13109045	12303771
13109046	11582175
13109050	10718889
13109059	10717522
13109068	12938625
13109070	10698297
13109298	12735006
13109300	11290467
13109303	10692744
13109305	10730678
13109310	8877545
13109311	6841089
13109312	12507245
13109313	7416466
13109314	6957855
13109316	4248540
13109468	10719124
13109470	10582949
13109472	13000464
13109474	6211476
13109479	12950665
13109482	11074290
13109487	11459472
13109489	10689946
13109493	8877483
13109495	10713840
13110079	10468443
13110084	12914516
13110089	11688402
13110098	8855497
13110105	6310209
13110126	12340168
13110140	13024946
13110142	10961110
13110146	8877787
13110155	12901992
13110593	10763074
13110596	10732410
13110599	10730516
13110603	10729738
13110605	7966821
13110607	6395940
13110613	10692763
13110615	10483470
13110619	12579186
13110621	907680
13111939	10698321
13111942	11218297
13111951	10960927
13111956	12914518
13111958	10498162
13111963	11626894
13111967	10693129
13111971	10576368
13111975	11534869
13111979	7966801
13113714	13113715
13113724	13113727
13127998	12933978
13128004	10714043
13128011	10702677
13128015	10674504
13128020	5553151
13128021	8878651
13128023	6211477
13128026	5526828
13128029	2195708
12886949	13138728
13150031	13010929
13150032	12378628
13150034	11272520
13150039	10992255
13155232	13155231
13166733	10102119
13166735	7429211
13166736	6622776
13166741	13056963
13166742	10732504
13166744	10564014
13166746	10557708
13166748	7459489
13166750	13099791
13166767	10719405
13166768	10718901
13166769	10520168
13166770	12936380
13166771	12895480
13166772	10713856
13166774	10661520
13166775	10637265
13166776	10497565
13166777	8081219
13167680	6203044
13167720	13136008
13167787	10719118
13167789	10715759
13167790	10590134
13167796	10265605
13167799	9503044
13167805	8306125
13167807	8271775
13167811	8071402
13167934	6992047
13167935	12960801
13167939	12579009
13167941	10962658
13167945	10740918
13167947	10658687
13167949	10610544
13167950	10579475
13167951	10326773
13167952	8304212
13168501	8081220
13168502	8036458
13168503	6848551
13168508	6809096
13168511	6212655
13168512	6212649
13168514	6212526
13168515	5663636
13168516	5337390
13168524	13040240
13169510	12378849
13169590	10669699
13169592	10577733
13169594	10500798
13169595	7984471
13169598	6403936
13169599	6212561
13169600	6211755
13169601	5215500
13169602	5215390
13169603	3759301
13170381	3759290
13170489	1934623
13170490	12717075
13170503	11975992
13170504	11704917
13170506	11122756
13170508	10748009
13170517	10650467
13170521	8306126
13170523	7912162
13171026	7867683
13171028	6814112
13171083	5893488
13171084	5774045
13171085	5262311
13171092	3753076
13171095	3651291
13171101	11477409
13171126	11055508
13171129	8304436
13171994	7031793
13171995	6804488
13171996	6211602
13171997	6211489
13171998	5948179
13172000	5400376
13172003	3542162
13172005	12859224
13172008	12554601
13172738	12378871
13172740	10564108
13172746	9807101
13172755	9796253
13172762	7908952
13172765	6712684
13172769	11906425
13172777	12999440
13172780	11620930
13172915	13047603
13172920	11534870
13172922	8877804
13172925	8855572
13172927	12578964
13172932	8857438
13173380	12312747
13173425	8306985
13173456	8855576
13173509	13047826
13175491	12944388
13175533	12767696
13175679	12999825
13175688	12210766
13175701	8857485
13175719	10848778
13175721	9501153
13175734	12980629
13175769	12324365
13175772	11641851
13175792	13022387
13175794	12899743
13175797	9495174
13175798	12901991
13175800	12944364
13175804	13020466
13175809	11086629
13175811	11695493
13175820	12960643
13175822	12938712
13175965	11045568
13175988	12914517
13175991	12292478
13175998	12554604
13176003	11700368
13176004	8877715
13176008	12942989
13176275	8858009
13176279	12895468
13177427	12895476
13177428	12944217
13177429	12933981
13177430	12991596
13177431	12940756
13177432	12578951
13177445	11098994
13177446	11983823
13177448	13023818
13177450	12895478
13217364	13192636
13350914	13316907
13351089	13312028
13351091	13260857
13351096	13258594
13351097	13306222
13351098	13312026
13351099	13262696
13351100	13312019
13351101	13262689
13351102	13258634
13351103	13258612
13351705	13312024
13351716	13289214
13351864	13258632
13351874	13258949
13351888	13306958
13351897	13316905
13351915	13258319
13351916	13316911
13351920	13262699
13351923	13258614
13351992	13312193
13352007	13309107
13352016	13258599
13352055	13258595
13352058	13316736
13352059	13310870
13352061	13316981
13352063	13262694
13352066	13258596
13352079	13281131
13352195	13316914
13352486	13258590
13352761	13258610
13352766	13299267
13352773	13291065
13352813	13258629
13352832	13348188
13353017	13258615
13353037	13305909
13353038	13281017
13353039	13262703
13354028	13258992
13354033	13327280
13354064	13262771
13354065	13258626
13354066	13305180
13354073	13258633
13355464	13223367
13355466	13258631
13355467	13281016
13355468	13258630
13355472	13285635
13355473	13258584
13355474	13258635
13355475	13353937
13355495	13258617
13355500	13293785
13355504	13295168
13355505	13258636
13355506	13258639
13355507	13282242
13355542	13258587
13356638	13312021
13356640	13312012
13483711	13312025
13485351	13415278
13485358	13258601
13485510	13234016
13485511	13316975
13485512	13252191
13485513	13481980
13485514	13312011
13485515	13384436
13485516	13258990
13485518	13258578
13485795	13258600
13485796	13362297
13485797	13316977
13485798	13307759
13485799	13262701
13485800	13312009
13485801	13258602
13485803	13415282
13485805	13415271
13485807	13402378
13486965	13415274
13486967	13378405
13486972	13405727
13486973	13362299
13486974	13414846
13486976	13414848
13486978	13385098
13486987	13407319
13486988	13400457
13487004	13407314
13487006	13385903
13487035	13400456
13487038	13414847
13487040	13380594
13487043	13369096
13487045	13357836
13487047	13369160
13487051	13414845
13487055	13385902
13488411	12388895
13488412	12268423
13488413	12264190
13488414	12222323
13488415	11718248
13488416	11596054
13488417	11505824
13488418	11473186
13488419	11451376
13488420	11362088
13488516	11270405
13488518	10960298
13488523	10732727
13488525	10713874
13488527	10650623
13488528	10585386
13488529	10574349
13488529	10573562
13488532	10281984
13488543	9806346
13488545	9750760
13488548	9424266
13488550	8322717
13488551	8312394
13488552	8110377
13488988	8041694
13488992	7965831
13489003	7908933
13489004	7887961
13489049	7880336
13489050	7867671
13489051	7815426
13489052	7760941
13489053	7752201
13489055	7023377
13489066	6684493
13489069	6212386
13489070	5774005
13489072	5761670
13489073	5744030
13489074	5400938
13489076	5333476
13489080	5030633
13489082	4048925
13489087	3930667
13489338	3695635
13489339	13099823
13489517	13037205
13489530	13017817
13489531	12428490
13489532	12031807
13489533	11301197
13489534	10764156
13489537	10725062
13489540	10589791
13493151	10321388
13493153	10070468
13493155	10010764
13493156	9727226
13493158	9593840
13493159	9374106
13493160	8826581
13493163	8795038
13493165	8044526
13493166	7984661
13493182	7978490
13493183	7965841
13493184	7874875
13493185	7867768
13493188	7832011
13493191	7453365
13493192	7364236
13493196	7034657
13493198	6957856
13493200	6834082
13493318	6815754
13493319	6303770
13493320	6211779
13493322	5815796
13493325	5786128
13493326	5774074
13493329	3952209
13493331	3651101
13493333	2069355
13493335	958175
13493364	678679
13493367	12914527
13493369	12044897
13493373	10802252
13493374	10720934
13493376	10715619
13493377	10647164
13493379	10576277
13493381	10520485
13493383	10500387
13494495	10209089
13494496	9938034
13494497	9806358
13494498	9668747
13494505	8614601
13494506	8554885
13494507	8502490
13494508	8125277
13494510	8094997
13497045	7977415
13497046	7888785
13497047	7760772
13497048	7740886
13497049	7432135
13497050	7063797
13497051	6888714
13497052	6788906
13497053	6310158
13497054	6211729
13498926	6211669
13498929	5499444
13499153	5249097
13499155	5248987
13499163	3651112
13499164	1995728
13499165	13253334
13499167	12595139
13499171	10732725
13499175	10713925
13499179	10713870
13499182	10671279
13814800	13590138
13814804	13801300
13814831	13798427
13814832	13719316
13814857	5680771
13814858	5322446
13814859	13553742
13814861	13807130
13814873	13528781
13814874	13721839
13814878	13558001
13814881	13495841
13814914	7563092
13814919	7182019
13814923	7025663
13814927	6892202
13814966	6789617
13814973	6786685
13814974	6712041
13814976	6211749
13814978	5867006
13814979	5774053
13816862	13816863
13834900	13834901
13847902	13847930
13847997	13830179
13848002	13827515
1530716	1530718
1530720	1530718
14038236	10465102
14038254	2722194
14038255	6053080
14038257	7500536
